,Label,Row,Intervals
0,12-0P,"[0, 1, 3, 7, 2, 5, 11, 10, 8, 4, 9, 6]",[ 1  2  4  7  3  6 11 10  8  5  9  6]
1,12-1,"[0, 1, 3, 7, 2, 10, 8, 11, 5, 4, 9, 6]",[ 1  2  4  7  8 10  3  6 11  5  9  6]
2,12-2,"[0, 1, 3, 7, 2, 11, 4, 10, 9, 5, 8, 6]",[ 1  2  4  7  9  5  6 11  8  3 10  6]
3,12-3,"[0, 1, 3, 7, 2, 11, 10, 4, 9, 5, 8, 6]",[ 1  2  4  7  9 11  6  5  8  3 10  6]
4,12-4,"[0, 1, 3, 7, 4, 11, 9, 8, 2, 5, 10, 6]",[ 1  2  4  9  7 10 11  6  3  5  8  6]
5,12-5,"[0, 1, 3, 7, 4, 2, 9, 8, 11, 5, 10, 6]",[ 1  2  4  9 10  7 11  3  6  5  8  6]
6,12-6,"[0, 1, 3, 7, 5, 8, 4, 10, 9, 2, 11, 6]",[ 1  2  4 10  3  8  6 11  5  9  7  6]
7,12-7,"[0, 1, 3, 7, 5, 2, 9, 8, 11, 4, 10, 6]",[ 1  2  4 10  9  7 11  3  5  6  8  6]
8,12-8,"[0, 1, 3, 7, 5, 2, 10, 4, 9, 8, 11, 6]",[ 1  2  4 10  9  8  6  5 11  3  7  6]
9,12-9,"[0, 1, 3, 8, 11, 5, 9, 4, 2, 10, 7, 6]",[ 1  2  5  3  6  4  7 10  8  9 11  6]
10,12-10,"[0, 1, 3, 8, 11, 7, 5, 4, 10, 2, 9, 6]",[ 1  2  5  3  8 10 11  6  4  7  9  6]
11,12-11,"[0, 1, 3, 8, 11, 9, 5, 4, 10, 7, 2, 6]",[ 1  2  5  3 10  8 11  6  9  7  4  6]
12,12-12L,"[0, 1, 3, 8, 2, 5, 9, 7, 4, 11, 10, 6]",[ 1  2  5  6  3  4 10  9  7 11  8  6]
13,12-13,"[0, 1, 3, 8, 2, 10, 5, 4, 7, 11, 9, 6]",[ 1  2  5  6  8  7 11  3  4 10  9  6]
14,12-14,"[0, 1, 3, 8, 4, 7, 5, 11, 10, 2, 9, 6]",[ 1  2  5  8  3 10  6 11  4  7  9  6]
15,12-15,"[0, 1, 3, 8, 5, 11, 7, 10, 9, 4, 2, 6]",[ 1  2  5  9  6  8  3 11  7 10  4  6]
16,12-16,"[0, 1, 3, 8, 7, 10, 4, 11, 9, 5, 2, 6]",[ 1  2  5 11  3  6  7 10  8  9  4  6]
17,12-17,"[0, 1, 3, 9, 2, 10, 5, 4, 7, 11, 8, 6]",[ 1  2  6  5  8  7 11  3  4  9 10  6]
18,12-18,"[0, 1, 3, 9, 2, 10, 7, 5, 4, 8, 11, 6]",[ 1  2  6  5  8  9 10 11  4  3  7  6]
19,12-19,"[0, 1, 3, 9, 2, 10, 8, 5, 4, 7, 11, 6]",[ 1  2  6  5  8 10  9 11  3  4  7  6]
20,12-20,"[0, 1, 3, 9, 2, 11, 7, 10, 5, 4, 8, 6]",[ 1  2  6  5  9  8  3  7 11  4 10  6]
21,12-21,"[0, 1, 3, 9, 5, 10, 8, 7, 4, 11, 2, 6]",[ 1  2  6  8  5 10 11  9  7  3  4  6]
22,12-22,"[0, 1, 3, 9, 8, 4, 7, 5, 10, 2, 11, 6]",[ 1  2  6 11  8  3 10  5  4  9  7  6]
23,12-23,"[0, 1, 3, 9, 8, 4, 2, 5, 10, 7, 11, 6]",[ 1  2  6 11  8 10  3  5  9  4  7  6]
24,12-24,"[0, 1, 3, 10, 2, 5, 11, 7, 4, 9, 8, 6]",[ 1  2  7  4  3  6  8  9  5 11 10  6]
25,12-25S,"[0, 1, 3, 10, 2, 5, 11, 8, 4, 9, 7, 6]",[ 1  2  7  4  3  6  9  8  5 10 11  6]
26,12-26,"[0, 1, 3, 10, 2, 8, 11, 7, 5, 4, 9, 6]",[ 1  2  7  4  6  3  8 10 11  5  9  6]
27,12-27S,"[0, 1, 3, 10, 2, 11, 5, 8, 4, 9, 7, 6]",[ 1  2  7  4  9  6  3  8  5 10 11  6]
28,12-28,"[0, 1, 3, 10, 4, 8, 11, 9, 5, 2, 7, 6]",[ 1  2  7  6  4  3 10  8  9  5 11  6]
29,12-29,"[0, 1, 3, 10, 4, 9, 8, 11, 7, 5, 2, 6]",[ 1  2  7  6  5 11  3  8 10  9  4  6]
30,12-30,"[0, 1, 3, 10, 8, 7, 4, 9, 5, 11, 2, 6]",[ 1  2  7 10 11  9  5  8  6  3  4  6]
31,12-31,"[0, 1, 3, 10, 9, 2, 5, 11, 7, 4, 8, 6]",[ 1  2  7 11  5  3  6  8  9  4 10  6]
32,12-32,"[0, 1, 3, 10, 9, 5, 11, 2, 7, 4, 8, 6]",[ 1  2  7 11  8  6  3  5  9  4 10  6]
33,12-33,"[0, 1, 3, 11, 2, 7, 4, 10, 5, 9, 8, 6]",[ 1  2  8  3  5  9  6  7  4 11 10  6]
34,12-34,"[0, 1, 3, 11, 4, 10, 7, 2, 5, 9, 8, 6]",[ 1  2  8  5  6  9  7  3  4 11 10  6]
35,12-35,"[0, 1, 3, 11, 4, 10, 8, 7, 2, 5, 9, 6]",[ 1  2  8  5  6 10 11  7  3  4  9  6]
36,12-36,"[0, 1, 3, 11, 4, 2, 8, 7, 10, 5, 9, 6]",[ 1  2  8  5 10  6 11  3  7  4  9  6]
37,12-37,"[0, 1, 3, 11, 5, 2, 7, 10, 9, 4, 8, 6]",[ 1  2  8  6  9  5  3 11  7  4 10  6]
38,12-38,"[0, 1, 3, 11, 9, 4, 8, 2, 5, 10, 7, 6]",[ 1  2  8 10  7  4  6  3  5  9 11  6]
39,12-39,"[0, 1, 3, 11, 9, 8, 5, 10, 4, 7, 2, 6]",[ 1  2  8 10 11  9  5  6  3  7  4  6]
40,12-40,"[0, 1, 3, 2, 7, 10, 8, 4, 11, 5, 9, 6]",[ 1  2 11  5  3 10  8  7  6  4  9  6]
41,12-41,"[0, 1, 3, 2, 9, 5, 10, 4, 7, 11, 8, 6]",[ 1  2 11  7  8  5  6  3  4  9 10  6]
42,12-42,"[0, 1, 3, 2, 9, 7, 4, 8, 11, 5, 10, 6]",[ 1  2 11  7 10  9  4  3  6  5  8  6]
43,12-43,"[0, 1, 4, 8, 10, 5, 3, 9, 2, 11, 7, 6]",[ 1  3  4  2  7 10  6  5  9  8 11  6]
44,12-44S,"[0, 1, 4, 8, 3, 5, 11, 9, 2, 10, 7, 6]",[ 1  3  4  7  2  6 10  5  8  9 11  6]
45,12-45,"[0, 1, 4, 8, 7, 9, 2, 11, 5, 3, 10, 6]",[ 1  3  4 11  2  5  9  6 10  7  8  6]
46,12-46L,"[0, 1, 4, 8, 7, 2, 10, 3, 5, 11, 9, 6]",[ 1  3  4 11  7  8  5  2  6 10  9  6]
47,12-47L,"[0, 1, 4, 8, 7, 2, 11, 9, 3, 5, 10, 6]",[ 1  3  4 11  7  9 10  6  2  5  8  6]
48,12-48,"[0, 1, 4, 8, 7, 5, 2, 10, 3, 9, 11, 6]",[ 1  3  4 11 10  9  8  5  6  2  7  6]
49,12-49,"[0, 1, 4, 9, 11, 5, 2, 10, 8, 3, 7, 6]",[ 1  3  5  2  6  9  8 10  7  4 11  6]
50,12-50,"[0, 1, 4, 9, 11, 8, 2, 10, 5, 3, 7, 6]",[ 1  3  5  2  9  6  8  7 10  4 11  6]
51,12-51,"[0, 1, 4, 9, 3, 5, 2, 10, 8, 7, 11, 6]",[ 1  3  5  6  2  9  8 10 11  4  7  6]
52,12-52,"[0, 1, 4, 9, 3, 11, 10, 8, 5, 7, 2, 6]",[ 1  3  5  6  8 11 10  9  2  7  4  6]
53,12-53,"[0, 1, 4, 9, 3, 2, 10, 5, 7, 11, 8, 6]",[ 1  3  5  6 11  8  7  2  4  9 10  6]
54,12-54,"[0, 1, 4, 9, 3, 2, 10, 8, 5, 7, 11, 6]",[ 1  3  5  6 11  8 10  9  2  4  7  6]
55,12-55,"[0, 1, 4, 9, 5, 3, 2, 8, 10, 7, 11, 6]",[ 1  3  5  8 10 11  6  2  9  4  7  6]
56,12-56,"[0, 1, 4, 10, 2, 7, 9, 8, 5, 3, 11, 6]",[ 1  3  6  4  5  2 11  9 10  8  7  6]
57,12-57,"[0, 1, 4, 10, 3, 11, 9, 8, 5, 7, 2, 6]",[ 1  3  6  5  8 10 11  9  2  7  4  6]
58,12-58,"[0, 1, 4, 10, 3, 2, 9, 5, 7, 11, 8, 6]",[ 1  3  6  5 11  7  8  2  4  9 10  6]
59,12-59L,"[0, 1, 4, 10, 5, 3, 11, 8, 7, 9, 2, 6]",[ 1  3  6  7 10  8  9 11  2  5  4  6]
60,12-60,"[0, 1, 4, 10, 8, 3, 5, 9, 2, 11, 7, 6]",[ 1  3  6 10  7  2  4  5  9  8 11  6]
61,12-61,"[0, 1, 4, 10, 8, 7, 3, 5, 9, 2, 11, 6]",[ 1  3  6 10 11  8  2  4  5  9  7  6]
62,12-62,"[0, 1, 4, 10, 9, 5, 7, 2, 11, 3, 8, 6]",[ 1  3  6 11  8  2  7  9  4  5 10  6]
63,12-63,"[0, 1, 4, 11, 3, 9, 2, 10, 8, 5, 7, 6]",[ 1  3  7  4  6  5  8 10  9  2 11  6]
64,12-64,"[0, 1, 4, 11, 5, 2, 10, 3, 7, 9, 8, 6]",[ 1  3  7  6  9  8  5  4  2 11 10  6]
65,12-65,"[0, 1, 4, 11, 9, 5, 2, 8, 10, 3, 7, 6]",[ 1  3  7 10  8  9  6  2  5  4 11  6]
66,12-66,"[0, 1, 4, 11, 10, 3, 7, 9, 5, 2, 8, 6]",[ 1  3  7 11  5  4  2  8  9  6 10  6]
67,12-67,"[0, 1, 4, 11, 10, 7, 9, 5, 3, 8, 2, 6]",[ 1  3  7 11  9  2  8 10  5  6  4  6]
68,12-68L,"[0, 1, 4, 11, 10, 7, 3, 5, 9, 2, 8, 6]",[ 1  3  7 11  9  8  2  4  5  6 10  6]
69,12-69,"[0, 1, 4, 11, 10, 8, 2, 7, 3, 5, 9, 6]",[ 1  3  7 11 10  6  5  8  2  4  9  6]
70,12-70,"[0, 1, 4, 11, 10, 8, 5, 7, 3, 9, 2, 6]",[ 1  3  7 11 10  9  2  8  6  5  4  6]
71,12-71,"[0, 1, 4, 2, 7, 9, 8, 5, 11, 3, 10, 6]",[ 1  3 10  5  2 11  9  6  4  7  8  6]
72,12-72,"[0, 1, 4, 2, 9, 3, 8, 5, 7, 11, 10, 6]",[ 1  3 10  7  6  5  9  2  4 11  8  6]
73,12-73S,"[0, 1, 4, 2, 9, 5, 11, 3, 8, 10, 7, 6]",[ 1  3 10  7  8  6  4  5  2  9 11  6]
74,12-74,"[0, 1, 4, 2, 9, 5, 11, 8, 10, 3, 7, 6]",[ 1  3 10  7  8  6  9  2  5  4 11  6]
75,12-75,"[0, 1, 4, 2, 10, 3, 7, 9, 8, 5, 11, 6]",[ 1  3 10  8  5  4  2 11  9  6  7  6]
76,12-76P,"[0, 1, 4, 2, 10, 3, 9, 8, 5, 7, 11, 6]",[ 1  3 10  8  5  6 11  9  2  4  7  6]
77,12-77,"[0, 1, 4, 2, 10, 5, 11, 3, 8, 7, 9, 6]",[ 1  3 10  8  7  6  4  5 11  2  9  6]
78,12-78,"[0, 1, 4, 2, 10, 9, 3, 8, 5, 7, 11, 6]",[ 1  3 10  8 11  6  5  9  2  4  7  6]
79,12-79,"[0, 1, 4, 3, 7, 9, 2, 10, 5, 11, 8, 6]",[ 1  3 11  4  2  5  8  7  6  9 10  6]
80,12-80,"[0, 1, 4, 3, 7, 9, 2, 10, 8, 5, 11, 6]",[ 1  3 11  4  2  5  8 10  9  6  7  6]
81,12-81,"[0, 1, 4, 3, 7, 9, 5, 10, 8, 2, 11, 6]",[ 1  3 11  4  2  8  5 10  6  9  7  6]
82,12-82,"[0, 1, 4, 3, 8, 2, 10, 5, 7, 11, 9, 6]",[ 1  3 11  5  6  8  7  2  4 10  9  6]
83,12-83,"[0, 1, 4, 3, 8, 2, 10, 7, 5, 9, 11, 6]",[ 1  3 11  5  6  8  9 10  4  2  7  6]
84,12-84,"[0, 1, 4, 3, 9, 2, 10, 5, 7, 11, 8, 6]",[ 1  3 11  6  5  8  7  2  4  9 10  6]
85,12-85,"[0, 1, 4, 3, 9, 2, 10, 8, 5, 7, 11, 6]",[ 1  3 11  6  5  8 10  9  2  4  7  6]
86,12-86,"[0, 1, 4, 3, 10, 2, 7, 9, 5, 11, 8, 6]",[ 1  3 11  7  4  5  2  8  6  9 10  6]
87,12-87,"[0, 1, 4, 3, 10, 8, 5, 11, 7, 9, 2, 6]",[ 1  3 11  7 10  9  6  8  2  5  4  6]
88,12-88P,"[0, 1, 5, 7, 10, 3, 9, 8, 4, 2, 11, 6]",[ 1  4  2  3  5  6 11  8 10  9  7  6]
89,12-89,"[0, 1, 5, 7, 10, 3, 2, 8, 4, 11, 9, 6]",[ 1  4  2  3  5 11  6  8  7 10  9  6]
90,12-90,"[0, 1, 5, 7, 10, 8, 4, 9, 3, 2, 11, 6]",[ 1  4  2  3 10  8  5  6 11  9  7  6]
91,12-91,"[0, 1, 5, 7, 10, 8, 4, 3, 9, 2, 11, 6]",[ 1  4  2  3 10  8 11  6  5  9  7  6]
92,12-92,"[0, 1, 5, 7, 10, 9, 3, 8, 4, 2, 11, 6]",[ 1  4  2  3 11  6  5  8 10  9  7  6]
93,12-93,"[0, 1, 5, 7, 2, 10, 4, 3, 8, 11, 9, 6]",[ 1  4  2  7  8  6 11  5  3 10  9  6]
94,12-94,"[0, 1, 5, 7, 2, 10, 8, 11, 4, 3, 9, 6]",[ 1  4  2  7  8 10  3  5 11  6  9  6]
95,12-95,"[0, 1, 5, 7, 2, 11, 9, 8, 4, 10, 3, 6]",[ 1  4  2  7  9 10 11  8  6  5  3  6]
96,12-96,"[0, 1, 5, 7, 2, 11, 10, 8, 4, 9, 3, 6]",[ 1  4  2  7  9 11 10  8  5  6  3  6]
97,12-97,"[0, 1, 5, 7, 3, 8, 11, 10, 4, 2, 9, 6]",[ 1  4  2  8  5  3 11  6 10  7  9  6]
98,12-98P,"[0, 1, 5, 7, 4, 9, 3, 2, 10, 8, 11, 6]",[ 1  4  2  9  5  6 11  8 10  3  7  6]
99,12-99L,"[0, 1, 5, 7, 4, 10, 3, 11, 2, 9, 8, 6]",[ 1  4  2  9  6  5  8  3  7 11 10  6]
100,12-100,"[0, 1, 5, 7, 4, 11, 2, 10, 3, 9, 8, 6]",[ 1  4  2  9  7  3  8  5  6 11 10  6]
101,12-101,"[0, 1, 5, 7, 4, 11, 2, 10, 9, 3, 8, 6]",[ 1  4  2  9  7  3  8 11  6  5 10  6]
102,12-102,"[0, 1, 5, 7, 4, 11, 9, 8, 2, 10, 3, 6]",[ 1  4  2  9  7 10 11  6  8  5  3  6]
103,12-103,"[0, 1, 5, 7, 4, 2, 9, 3, 8, 11, 10, 6]",[ 1  4  2  9 10  7  6  5  3 11  8  6]
104,12-104,"[0, 1, 5, 7, 4, 2, 10, 3, 9, 8, 11, 6]",[ 1  4  2  9 10  8  5  6 11  3  7  6]
105,12-105,"[0, 1, 5, 7, 4, 2, 10, 9, 3, 8, 11, 6]",[ 1  4  2  9 10  8 11  6  5  3  7  6]
106,12-106,"[0, 1, 5, 7, 4, 3, 9, 2, 10, 8, 11, 6]",[ 1  4  2  9 11  6  5  8 10  3  7  6]
107,12-107S,"[0, 1, 5, 8, 10, 3, 9, 4, 2, 11, 7, 6]",[ 1  4  3  2  5  6  7 10  9  8 11  6]
108,12-108,"[0, 1, 5, 8, 10, 4, 9, 7, 3, 2, 11, 6]",[ 1  4  3  2  6  5 10  8 11  9  7  6]
109,12-109,"[0, 1, 5, 8, 3, 11, 10, 4, 2, 7, 9, 6]",[ 1  4  3  7  8 11  6 10  5  2  9  6]
110,12-110,"[0, 1, 5, 8, 7, 2, 4, 10, 3, 11, 9, 6]",[ 1  4  3 11  7  2  6  5  8 10  9  6]
111,12-111,"[0, 1, 5, 8, 7, 4, 2, 10, 3, 9, 11, 6]",[ 1  4  3 11  9 10  8  5  6  2  7  6]
112,12-112L,"[0, 1, 5, 10, 4, 7, 3, 2, 9, 11, 8, 6]",[ 1  4  5  6  3  8 11  7  2  9 10  6]
113,12-113L,"[0, 1, 5, 10, 4, 2, 9, 11, 8, 7, 3, 6]",[ 1  4  5  6 10  7  2  9 11  8  3  6]
114,12-114L,"[0, 1, 5, 10, 4, 2, 11, 7, 9, 8, 3, 6]",[ 1  4  5  6 10  9  8  2 11  7  3  6]
115,12-115,"[0, 1, 5, 10, 7, 9, 4, 3, 11, 2, 8, 6]",[ 1  4  5  9  2  7 11  8  3  6 10  6]
116,12-116L,"[0, 1, 5, 10, 7, 3, 2, 8, 11, 9, 4, 6]",[ 1  4  5  9  8 11  6  3 10  7  2  6]
117,12-117,"[0, 1, 5, 10, 8, 11, 7, 2, 4, 3, 9, 6]",[ 1  4  5 10  3  8  7  2 11  6  9  6]
118,12-118,"[0, 1, 5, 10, 8, 2, 9, 11, 7, 4, 3, 6]",[ 1  4  5 10  6  7  2  8  9 11  3  6]
119,12-119,"[0, 1, 5, 10, 8, 2, 11, 7, 9, 4, 3, 6]",[ 1  4  5 10  6  9  8  2  7 11  3  6]
120,12-120,"[0, 1, 5, 10, 8, 4, 7, 9, 3, 2, 11, 6]",[ 1  4  5 10  8  3  2  6 11  9  7  6]
121,12-121,"[0, 1, 5, 10, 9, 11, 7, 4, 2, 8, 3, 6]",[ 1  4  5 11  2  8  9 10  6  7  3  6]
122,12-122,"[0, 1, 5, 11, 2, 9, 7, 4, 3, 8, 10, 6]",[ 1  4  6  3  7 10  9 11  5  2  8  6]
123,12-123,"[0, 1, 5, 11, 2, 10, 7, 9, 4, 3, 8, 6]",[ 1  4  6  3  8  9  2  7 11  5 10  6]
124,12-124,"[0, 1, 5, 11, 4, 2, 9, 8, 10, 7, 3, 6]",[ 1  4  6  5 10  7 11  2  9  8  3  6]
125,12-125,"[0, 1, 5, 11, 4, 2, 10, 7, 9, 8, 3, 6]",[ 1  4  6  5 10  8  9  2 11  7  3  6]
126,12-126,"[0, 1, 5, 11, 7, 10, 8, 3, 2, 4, 9, 6]",[ 1  4  6  8  3 10  7 11  2  5  9  6]
127,12-127,"[0, 1, 5, 11, 7, 4, 2, 9, 8, 10, 3, 6]",[ 1  4  6  8  9 10  7 11  2  5  3  6]
128,12-128,"[0, 1, 5, 11, 8, 10, 9, 4, 2, 7, 3, 6]",[ 1  4  6  9  2 11  7 10  5  8  3  6]
129,12-129,"[0, 1, 5, 11, 8, 3, 2, 4, 9, 7, 10, 6]",[ 1  4  6  9  7 11  2  5 10  3  8  6]
130,12-130L,"[0, 1, 5, 11, 8, 7, 9, 4, 2, 10, 3, 6]",[ 1  4  6  9 11  2  7 10  8  5  3  6]
131,12-131S,"[0, 1, 5, 2, 4, 9, 3, 10, 8, 11, 7, 6]",[ 1  4  9  2  5  6  7 10  3  8 11  6]
132,12-132,"[0, 1, 5, 2, 4, 10, 9, 7, 3, 8, 11, 6]",[ 1  4  9  2  6 11 10  8  5  3  7  6]
133,12-133,"[0, 1, 5, 2, 4, 11, 7, 10, 3, 9, 8, 6]",[ 1  4  9  2  7  8  3  5  6 11 10  6]
134,12-134,"[0, 1, 5, 2, 4, 11, 7, 10, 9, 3, 8, 6]",[ 1  4  9  2  7  8  3 11  6  5 10  6]
135,12-135,"[0, 1, 5, 2, 4, 11, 9, 3, 8, 7, 10, 6]",[ 1  4  9  2  7 10  6  5 11  3  8  6]
136,12-136,"[0, 1, 5, 2, 7, 10, 8, 4, 3, 9, 11, 6]",[ 1  4  9  5  3 10  8 11  6  2  7  6]
137,12-137,"[0, 1, 5, 2, 8, 10, 3, 11, 9, 4, 7, 6]",[ 1  4  9  6  2  5  8 10  7  3 11  6]
138,12-138,"[0, 1, 5, 2, 8, 7, 10, 3, 11, 9, 4, 6]",[ 1  4  9  6 11  3  5  8 10  7  2  6]
139,12-139,"[0, 1, 5, 2, 9, 11, 4, 10, 8, 7, 3, 6]",[ 1  4  9  7  2  5  6 10 11  8  3  6]
140,12-140,"[0, 1, 5, 2, 9, 11, 7, 10, 4, 3, 8, 6]",[ 1  4  9  7  2  8  3  6 11  5 10  6]
141,12-141,"[0, 1, 5, 2, 9, 11, 10, 4, 7, 3, 8, 6]",[ 1  4  9  7  2 11  6  3  8  5 10  6]
142,12-142L,"[0, 1, 5, 2, 9, 7, 3, 8, 11, 10, 4, 6]",[ 1  4  9  7 10  8  5  3 11  6  2  6]
143,12-143,"[0, 1, 5, 2, 10, 8, 3, 9, 11, 4, 7, 6]",[ 1  4  9  8 10  7  6  2  5  3 11  6]
144,12-144,"[0, 1, 5, 3, 8, 11, 7, 2, 4, 10, 9, 6]",[ 1  4 10  5  3  8  7  2  6 11  9  6]
145,12-145,"[0, 1, 5, 3, 8, 2, 4, 11, 7, 10, 9, 6]",[ 1  4 10  5  6  2  7  8  3 11  9  6]
146,12-146,"[0, 1, 5, 3, 8, 2, 11, 7, 10, 9, 4, 6]",[ 1  4 10  5  6  9  8  3 11  7  2  6]
147,12-147,"[0, 1, 5, 3, 9, 2, 4, 11, 8, 7, 10, 6]",[ 1  4 10  6  5  2  7  9 11  3  8  6]
148,12-148,"[0, 1, 5, 3, 10, 9, 2, 8, 11, 7, 4, 6]",[ 1  4 10  7 11  5  6  3  8  9  2  6]
149,12-149,"[0, 1, 5, 3, 11, 4, 7, 2, 8, 10, 9, 6]",[ 1  4 10  8  5  3  7  6  2 11  9  6]
150,12-150,"[0, 1, 5, 3, 11, 8, 2, 7, 10, 9, 4, 6]",[ 1  4 10  8  9  6  5  3 11  7  2  6]
151,12-151,"[0, 1, 5, 4, 7, 2, 8, 10, 3, 11, 9, 6]",[ 1  4 11  3  7  6  2  5  8 10  9  6]
152,12-152,"[0, 1, 5, 4, 7, 2, 10, 3, 9, 11, 8, 6]",[ 1  4 11  3  7  8  5  6  2  9 10  6]
153,12-153L,"[0, 1, 5, 4, 7, 2, 11, 9, 3, 8, 10, 6]",[ 1  4 11  3  7  9 10  6  5  2  8  6]
154,12-154L,"[0, 1, 5, 4, 10, 8, 3, 11, 2, 7, 9, 6]",[ 1  4 11  6 10  7  8  3  5  2  9  6]
155,12-155,"[0, 1, 5, 4, 11, 2, 10, 7, 9, 3, 8, 6]",[ 1  4 11  7  3  8  9  2  6  5 10  6]
156,12-156,"[0, 1, 5, 4, 11, 9, 2, 8, 10, 7, 3, 6]",[ 1  4 11  7 10  5  6  2  9  8  3  6]
157,12-157,"[0, 1, 5, 4, 2, 10, 7, 9, 3, 8, 11, 6]",[ 1  4 11 10  8  9  2  6  5  3  7  6]
158,12-158,"[0, 1, 7, 9, 2, 10, 8, 5, 4, 11, 3, 6]",[ 1  6  2  5  8 10  9 11  7  4  3  6]
159,12-159,"[0, 1, 7, 10, 2, 4, 9, 8, 5, 3, 11, 6]",[ 1  6  3  4  2  5 11  9 10  8  7  6]
160,12-160,"[0, 1, 7, 10, 2, 9, 8, 5, 3, 11, 4, 6]",[ 1  6  3  4  7 11  9 10  8  5  2  6]
161,12-161,"[0, 1, 7, 10, 3, 5, 9, 8, 4, 2, 11, 6]",[ 1  6  3  5  2  4 11  8 10  9  7  6]
162,12-162,"[0, 1, 7, 10, 5, 9, 2, 4, 3, 11, 8, 6]",[ 1  6  3  7  4  5  2 11  8  9 10  6]
163,12-163,"[0, 1, 7, 10, 8, 4, 3, 5, 9, 2, 11, 6]",[ 1  6  3 10  8 11  2  4  5  9  7  6]
164,12-164,"[0, 1, 7, 10, 8, 5, 9, 2, 4, 3, 11, 6]",[ 1  6  3 10  9  4  5  2 11  8  7  6]
165,12-165,"[0, 1, 7, 10, 9, 2, 4, 8, 5, 3, 11, 6]",[ 1  6  3 11  5  2  4  9 10  8  7  6]
166,12-166,"[0, 1, 7, 10, 9, 5, 2, 4, 11, 3, 8, 6]",[ 1  6  3 11  8  9  2  7  4  5 10  6]
167,12-167,"[0, 1, 7, 11, 2, 4, 9, 8, 5, 3, 10, 6]",[ 1  6  4  3  2  5 11  9 10  7  8  6]
168,12-168,"[0, 1, 7, 11, 2, 10, 8, 3, 5, 4, 9, 6]",[ 1  6  4  3  8 10  7  2 11  5  9  6]
169,12-169,"[0, 1, 7, 11, 10, 3, 5, 8, 4, 2, 9, 6]",[ 1  6  4 11  5  2  3  8 10  7  9  6]
170,12-170,"[0, 1, 7, 2, 5, 3, 11, 4, 8, 10, 9, 6]",[ 1  6  7  3 10  8  5  4  2 11  9  6]
171,12-171,"[0, 1, 7, 2, 5, 4, 8, 10, 3, 11, 9, 6]",[ 1  6  7  3 11  4  2  5  8 10  9  6]
172,12-172,"[0, 1, 7, 2, 10, 3, 5, 4, 8, 11, 9, 6]",[ 1  6  7  8  5  2 11  4  3 10  9  6]
173,12-173,"[0, 1, 7, 2, 10, 8, 11, 3, 5, 4, 9, 6]",[ 1  6  7  8 10  3  4  2 11  5  9  6]
174,12-174,"[0, 1, 7, 2, 10, 8, 11, 4, 3, 5, 9, 6]",[ 1  6  7  8 10  3  5 11  2  4  9  6]
175,12-175,"[0, 1, 7, 2, 10, 8, 5, 9, 11, 4, 3, 6]",[ 1  6  7  8 10  9  4  2  5 11  3  6]
176,12-176,"[0, 1, 7, 2, 10, 8, 5, 4, 9, 11, 3, 6]",[ 1  6  7  8 10  9 11  5  2  4  3  6]
177,12-177,"[0, 1, 7, 2, 10, 9, 11, 4, 8, 5, 3, 6]",[ 1  6  7  8 11  2  5  4  9 10  3  6]
178,12-178,"[0, 1, 7, 2, 11, 4, 8, 10, 9, 5, 3, 6]",[ 1  6  7  9  5  4  2 11  8 10  3  6]
179,12-179,"[0, 1, 7, 2, 11, 9, 5, 4, 8, 10, 3, 6]",[ 1  6  7  9 10  8 11  4  2  5  3  6]
180,12-180,"[0, 1, 7, 3, 8, 10, 2, 5, 4, 11, 9, 6]",[ 1  6  8  5  2  4  3 11  7 10  9  6]
181,12-181,"[0, 1, 7, 3, 10, 2, 5, 4, 9, 11, 8, 6]",[ 1  6  8  7  4  3 11  5  2  9 10  6]
182,12-182,"[0, 1, 7, 3, 10, 8, 5, 4, 9, 11, 2, 6]",[ 1  6  8  7 10  9 11  5  2  3  4  6]
183,12-183,"[0, 1, 7, 4, 8, 10, 9, 2, 5, 3, 11, 6]",[ 1  6  9  4  2 11  5  3 10  8  7  6]
184,12-184,"[0, 1, 7, 4, 9, 11, 3, 2, 10, 5, 8, 6]",[ 1  6  9  5  2  4 11  8  7  3 10  6]
185,12-185,"[0, 1, 7, 4, 9, 8, 10, 2, 5, 3, 11, 6]",[ 1  6  9  5 11  2  4  3 10  8  7  6]
186,12-186,"[0, 1, 7, 4, 9, 8, 10, 5, 3, 11, 2, 6]",[ 1  6  9  5 11  2  7 10  8  3  4  6]
187,12-187,"[0, 1, 7, 4, 11, 2, 10, 3, 5, 9, 8, 6]",[ 1  6  9  7  3  8  5  2  4 11 10  6]
188,12-188,"[0, 1, 7, 4, 11, 9, 5, 8, 10, 3, 2, 6]",[ 1  6  9  7 10  8  3  2  5 11  4  6]
189,12-189,"[0, 1, 7, 4, 2, 5, 9, 8, 10, 3, 11, 6]",[ 1  6  9 10  3  4 11  2  5  8  7  6]
190,12-190,"[0, 1, 7, 4, 2, 9, 8, 11, 3, 5, 10, 6]",[ 1  6  9 10  7 11  3  4  2  5  8  6]
191,12-191,"[0, 1, 7, 4, 2, 10, 3, 5, 9, 8, 11, 6]",[ 1  6  9 10  8  5  2  4 11  3  7  6]
192,12-192,"[0, 1, 7, 4, 3, 5, 9, 2, 10, 8, 11, 6]",[ 1  6  9 11  2  4  5  8 10  3  7  6]
193,12-193,"[0, 1, 7, 5, 8, 3, 11, 10, 2, 4, 9, 6]",[ 1  6 10  3  7  8 11  4  2  5  9  6]
194,12-194,"[0, 1, 7, 5, 10, 2, 9, 11, 8, 4, 3, 6]",[ 1  6 10  5  4  7  2  9  8 11  3  6]
195,12-195,"[0, 1, 7, 5, 2, 4, 9, 8, 11, 3, 10, 6]",[ 1  6 10  9  2  5 11  3  4  7  8  6]
196,12-196,"[0, 1, 7, 5, 2, 10, 9, 11, 4, 8, 3, 6]",[ 1  6 10  9  8 11  2  5  4  7  3  6]
197,12-197,"[0, 1, 7, 5, 4, 8, 10, 3, 11, 2, 9, 6]",[ 1  6 10 11  4  2  5  8  3  7  9  6]
198,12-198P,"[0, 1, 8, 10, 2, 11, 5, 4, 9, 7, 3, 6]",[ 1  7  2  4  9  6 11  5 10  8  3  6]
199,12-199,"[0, 1, 8, 10, 2, 11, 7, 5, 4, 9, 3, 6]",[ 1  7  2  4  9  8 10 11  5  6  3  6]
200,12-200,"[0, 1, 8, 10, 4, 3, 11, 2, 7, 5, 9, 6]",[ 1  7  2  6 11  8  3  5 10  4  9  6]
201,12-201,"[0, 1, 8, 10, 7, 5, 4, 9, 3, 11, 2, 6]",[ 1  7  2  9 10 11  5  6  8  3  4  6]
202,12-202,"[0, 1, 8, 10, 9, 3, 11, 4, 7, 5, 2, 6]",[ 1  7  2 11  6  8  5  3 10  9  4  6]
203,12-203,"[0, 1, 8, 11, 3, 9, 2, 10, 7, 5, 4, 6]",[ 1  7  3  4  6  5  8  9 10 11  2  6]
204,12-204,"[0, 1, 8, 11, 4, 10, 7, 9, 5, 3, 2, 6]",[ 1  7  3  5  6  9  2  8 10 11  4  6]
205,12-205,"[0, 1, 8, 11, 4, 10, 9, 7, 3, 5, 2, 6]",[ 1  7  3  5  6 11 10  8  2  9  4  6]
206,12-206,"[0, 1, 8, 11, 5, 4, 2, 10, 3, 7, 9, 6]",[ 1  7  3  6 11 10  8  5  4  2  9  6]
207,12-207L,"[0, 1, 8, 11, 7, 5, 10, 2, 4, 3, 9, 6]",[ 1  7  3  8 10  5  4  2 11  6  9  6]
208,12-208,"[0, 1, 8, 11, 9, 5, 7, 4, 10, 3, 2, 6]",[ 1  7  3 10  8  2  9  6  5 11  4  6]
209,12-209,"[0, 1, 8, 11, 9, 5, 2, 4, 10, 3, 7, 6]",[ 1  7  3 10  8  9  2  6  5  4 11  6]
210,12-210,"[0, 1, 8, 11, 10, 3, 9, 5, 7, 4, 2, 6]",[ 1  7  3 11  5  6  8  2  9 10  4  6]
211,12-211,"[0, 1, 8, 11, 10, 4, 9, 7, 3, 5, 2, 6]",[ 1  7  3 11  6  5 10  8  2  9  4  6]
212,12-212,"[0, 1, 8, 11, 10, 4, 2, 7, 3, 5, 9, 6]",[ 1  7  3 11  6 10  5  8  2  4  9  6]
213,12-213,"[0, 1, 8, 2, 5, 3, 7, 4, 9, 11, 10, 6]",[ 1  7  6  3 10  4  9  5  2 11  8  6]
214,12-214L,"[0, 1, 8, 2, 10, 3, 5, 4, 7, 11, 9, 6]",[ 1  7  6  8  5  2 11  3  4 10  9  6]
215,12-215,"[0, 1, 8, 2, 10, 7, 5, 9, 11, 4, 3, 6]",[ 1  7  6  8  9 10  4  2  5 11  3  6]
216,12-216,"[0, 1, 8, 2, 10, 7, 5, 4, 9, 11, 3, 6]",[ 1  7  6  8  9 10 11  5  2  4  3  6]
217,12-217,"[0, 1, 8, 2, 11, 3, 5, 4, 9, 7, 10, 6]",[ 1  7  6  9  4  2 11  5 10  3  8  6]
218,12-218,"[0, 1, 8, 2, 11, 4, 3, 5, 9, 7, 10, 6]",[ 1  7  6  9  5 11  2  4 10  3  8  6]
219,12-219,"[0, 1, 8, 4, 10, 3, 2, 5, 7, 11, 9, 6]",[ 1  7  8  6  5 11  3  2  4 10  9  6]
220,12-220,"[0, 1, 8, 4, 2, 5, 7, 11, 10, 3, 9, 6]",[ 1  7  8 10  3  2  4 11  5  6  9  6]
221,12-221P,"[0, 1, 8, 4, 2, 5, 11, 10, 3, 7, 9, 6]",[ 1  7  8 10  3  6 11  5  4  2  9  6]
222,12-222L,"[0, 1, 8, 5, 7, 10, 4, 3, 11, 9, 2, 6]",[ 1  7  9  2  3  6 11  8 10  5  4  6]
223,12-223,"[0, 1, 8, 5, 7, 10, 9, 3, 11, 4, 2, 6]",[ 1  7  9  2  3 11  6  8  5 10  4  6]
224,12-224L,"[0, 1, 8, 5, 7, 11, 4, 2, 10, 9, 3, 6]",[ 1  7  9  2  4  5 10  8 11  6  3  6]
225,12-225L,"[0, 1, 8, 5, 7, 11, 9, 2, 10, 4, 3, 6]",[ 1  7  9  2  4 10  5  8  6 11  3  6]
226,12-226,"[0, 1, 8, 5, 9, 11, 10, 4, 2, 7, 3, 6]",[ 1  7  9  4  2 11  6 10  5  8  3  6]
227,12-227,"[0, 1, 8, 5, 11, 3, 2, 4, 9, 7, 10, 6]",[ 1  7  9  6  4 11  2  5 10  3  8  6]
228,12-228,"[0, 1, 8, 5, 11, 9, 2, 4, 3, 7, 10, 6]",[ 1  7  9  6 10  5  2 11  4  3  8  6]
229,12-229,"[0, 1, 8, 5, 11, 10, 2, 4, 9, 7, 3, 6]",[ 1  7  9  6 11  4  2  5 10  8  3  6]
230,12-230L,"[0, 1, 8, 5, 3, 9, 2, 4, 7, 11, 10, 6]",[ 1  7  9 10  6  5  2  3  4 11  8  6]
231,12-231L,"[0, 1, 8, 5, 3, 11, 10, 4, 7, 9, 2, 6]",[ 1  7  9 10  8 11  6  3  2  5  4  6]
232,12-232,"[0, 1, 8, 7, 9, 5, 10, 4, 2, 11, 3, 6]",[ 1  7 11  2  8  5  6 10  9  4  3  6]
233,12-233,"[0, 1, 8, 7, 11, 9, 5, 2, 4, 10, 3, 6]",[ 1  7 11  4 10  8  9  2  6  5  3  6]
234,12-234,"[0, 1, 8, 7, 5, 2, 10, 4, 9, 11, 3, 6]",[ 1  7 11 10  9  8  6  5  2  4  3  6]
235,12-235,"[0, 1, 9, 11, 3, 2, 7, 4, 10, 5, 8, 6]",[ 1  8  2  4 11  5  9  6  7  3 10  6]
236,12-236,"[0, 1, 9, 11, 4, 10, 7, 5, 8, 3, 2, 6]",[ 1  8  2  5  6  9 10  3  7 11  4  6]
237,12-237L,"[0, 1, 9, 11, 4, 3, 7, 10, 5, 2, 8, 6]",[ 1  8  2  5 11  4  3  7  9  6 10  6]
238,12-238L,"[0, 1, 9, 11, 4, 3, 10, 7, 5, 8, 2, 6]",[ 1  8  2  5 11  7  9 10  3  6  4  6]
239,12-239L,"[0, 1, 9, 2, 4, 3, 7, 10, 5, 11, 8, 6]",[ 1  8  5  2 11  4  3  7  6  9 10  6]
240,12-240,"[0, 1, 9, 2, 4, 3, 7, 10, 8, 5, 11, 6]",[ 1  8  5  2 11  4  3 10  9  6  7  6]
241,12-241L,"[0, 1, 9, 2, 4, 3, 10, 7, 11, 5, 8, 6]",[ 1  8  5  2 11  7  9  4  6  3 10  6]
242,12-242,"[0, 1, 9, 2, 5, 11, 3, 10, 8, 7, 4, 6]",[ 1  8  5  3  6  4  7 10 11  9  2  6]
243,12-243,"[0, 1, 9, 2, 5, 11, 10, 8, 3, 7, 4, 6]",[ 1  8  5  3  6 11 10  7  4  9  2  6]
244,12-244L,"[0, 1, 9, 2, 8, 10, 7, 5, 4, 11, 3, 6]",[ 1  8  5  6  2  9 10 11  7  4  3  6]
245,12-245L,"[0, 1, 9, 2, 8, 11, 3, 10, 7, 5, 4, 6]",[ 1  8  5  6  3  4  7  9 10 11  2  6]
246,12-246L,"[0, 1, 9, 2, 8, 11, 10, 5, 3, 7, 4, 6]",[ 1  8  5  6  3 11  7 10  4  9  2  6]
247,12-247,"[0, 1, 9, 3, 5, 10, 8, 7, 4, 11, 2, 6]",[ 1  8  6  2  5 10 11  9  7  3  4  6]
248,12-248,"[0, 1, 9, 3, 8, 10, 7, 5, 4, 11, 2, 6]",[ 1  8  6  5  2  9 10 11  7  3  4  6]
249,12-249,"[0, 1, 9, 3, 8, 11, 10, 5, 7, 4, 2, 6]",[ 1  8  6  5  3 11  7  2  9 10  4  6]
250,12-250L,"[0, 1, 9, 4, 7, 11, 10, 3, 5, 2, 8, 6]",[ 1  8  7  3  4 11  5  2  9  6 10  6]
251,12-251,"[0, 1, 9, 4, 7, 5, 11, 8, 10, 3, 2, 6]",[ 1  8  7  3 10  6  9  2  5 11  4  6]
252,12-252,"[0, 1, 9, 4, 10, 3, 2, 5, 7, 11, 8, 6]",[ 1  8  7  6  5 11  3  2  4  9 10  6]
253,12-253S,"[0, 1, 9, 4, 2, 5, 11, 8, 10, 3, 7, 6]",[ 1  8  7 10  3  6  9  2  5  4 11  6]
254,12-254,"[0, 1, 9, 4, 2, 8, 5, 7, 11, 10, 3, 6]",[ 1  8  7 10  6  9  2  4 11  5  3  6]
255,12-255S,"[0, 1, 9, 4, 2, 11, 5, 8, 10, 3, 7, 6]",[ 1  8  7 10  9  6  3  2  5  4 11  6]
256,12-256L,"[0, 1, 9, 4, 3, 5, 10, 7, 11, 2, 8, 6]",[ 1  8  7 11  2  5  9  4  3  6 10  6]
257,12-257,"[0, 1, 9, 4, 3, 8, 10, 7, 5, 11, 2, 6]",[ 1  8  7 11  5  2  9 10  6  3  4  6]
258,12-258,"[0, 1, 9, 7, 10, 2, 4, 3, 8, 5, 11, 6]",[ 1  8 10  3  4  2 11  5  9  6  7  6]
259,12-259,"[0, 1, 9, 7, 10, 3, 5, 4, 8, 2, 11, 6]",[ 1  8 10  3  5  2 11  4  6  9  7  6]
260,12-260L,"[0, 1, 9, 7, 10, 3, 5, 4, 11, 8, 2, 6]",[ 1  8 10  3  5  2 11  7  9  6  4  6]
261,12-261,"[0, 1, 9, 7, 10, 3, 2, 4, 8, 5, 11, 6]",[ 1  8 10  3  5 11  2  4  9  6  7  6]
262,12-262L,"[0, 1, 9, 7, 11, 8, 3, 2, 5, 10, 4, 6]",[ 1  8 10  4  9  7 11  3  5  6  2  6]
263,12-263,"[0, 1, 9, 7, 2, 4, 8, 5, 11, 10, 3, 6]",[ 1  8 10  7  2  4  9  6 11  5  3  6]
264,12-264P,"[0, 1, 9, 7, 2, 11, 5, 4, 8, 10, 3, 6]",[ 1  8 10  7  9  6 11  4  2  5  3  6]
265,12-265,"[0, 1, 9, 7, 4, 8, 10, 3, 2, 5, 11, 6]",[ 1  8 10  9  4  2  5 11  3  6  7  6]
266,12-266,"[0, 1, 9, 7, 4, 11, 5, 8, 10, 3, 2, 6]",[ 1  8 10  9  7  6  3  2  5 11  4  6]
267,12-267L,"[0, 1, 9, 7, 4, 11, 10, 3, 5, 8, 2, 6]",[ 1  8 10  9  7 11  5  2  3  6  4  6]
268,12-268,"[0, 1, 9, 7, 4, 3, 5, 10, 2, 8, 11, 6]",[ 1  8 10  9 11  2  5  4  6  3  7  6]
269,12-269,"[0, 1, 9, 7, 4, 3, 8, 10, 2, 5, 11, 6]",[ 1  8 10  9 11  5  2  4  3  6  7  6]
270,12-270,"[0, 1, 9, 7, 4, 3, 8, 10, 5, 11, 2, 6]",[ 1  8 10  9 11  5  2  7  6  3  4  6]
271,12-271,"[0, 1, 9, 8, 10, 2, 7, 4, 11, 5, 3, 6]",[ 1  8 11  2  4  5  9  7  6 10  3  6]
272,12-272,"[0, 1, 9, 8, 10, 3, 7, 4, 2, 5, 11, 6]",[ 1  8 11  2  5  4  9 10  3  6  7  6]
273,12-273,"[0, 1, 9, 8, 11, 5, 3, 10, 2, 7, 4, 6]",[ 1  8 11  3  6 10  7  4  5  9  2  6]
274,12-274L,"[0, 1, 9, 8, 2, 5, 3, 10, 7, 11, 4, 6]",[ 1  8 11  6  3 10  7  9  4  5  2  6]
275,12-275,"[0, 1, 10, 2, 5, 11, 7, 9, 4, 3, 8, 6]",[ 1  9  4  3  6  8  2  7 11  5 10  6]
276,12-276,"[0, 1, 10, 2, 5, 4, 11, 7, 9, 3, 8, 6]",[ 1  9  4  3 11  7  8  2  6  5 10  6]
277,12-277,"[0, 1, 10, 2, 7, 9, 4, 3, 11, 5, 8, 6]",[ 1  9  4  5  2  7 11  8  6  3 10  6]
278,12-278,"[0, 1, 10, 2, 7, 9, 8, 4, 11, 5, 3, 6]",[ 1  9  4  5  2 11  8  7  6 10  3  6]
279,12-279,"[0, 1, 10, 2, 7, 5, 8, 4, 3, 9, 11, 6]",[ 1  9  4  5 10  3  8 11  6  2  7  6]
280,12-280S,"[0, 1, 10, 2, 9, 11, 5, 3, 8, 4, 7, 6]",[ 1  9  4  7  2  6 10  5  8  3 11  6]
281,12-281P,"[0, 1, 10, 2, 9, 11, 5, 4, 7, 3, 8, 6]",[ 1  9  4  7  2  6 11  3  8  5 10  6]
282,12-282L,"[0, 1, 10, 2, 9, 3, 8, 11, 7, 5, 4, 6]",[ 1  9  4  7  6  5  3  8 10 11  2  6]
283,12-283L,"[0, 1, 10, 2, 9, 7, 3, 8, 11, 5, 4, 6]",[ 1  9  4  7 10  8  5  3  6 11  2  6]
284,12-284,"[0, 1, 10, 3, 5, 11, 9, 8, 4, 7, 2, 6]",[ 1  9  5  2  6 10 11  8  3  7  4  6]
285,12-285,"[0, 1, 10, 3, 7, 9, 5, 4, 11, 2, 8, 6]",[ 1  9  5  4  2  8 11  7  3  6 10  6]
286,12-286,"[0, 1, 10, 3, 7, 9, 5, 4, 2, 8, 11, 6]",[ 1  9  5  4  2  8 11 10  6  3  7  6]
287,12-287,"[0, 1, 10, 3, 7, 9, 8, 4, 2, 5, 11, 6]",[ 1  9  5  4  2 11  8 10  3  6  7  6]
288,12-288,"[0, 1, 10, 3, 7, 2, 5, 11, 9, 8, 4, 6]",[ 1  9  5  4  7  3  6 10 11  8  2  6]
289,12-289L,"[0, 1, 10, 3, 7, 2, 8, 11, 9, 5, 4, 6]",[ 1  9  5  4  7  6  3 10  8 11  2  6]
290,12-290,"[0, 1, 10, 3, 7, 5, 11, 2, 9, 8, 4, 6]",[ 1  9  5  4 10  6  3  7 11  8  2  6]
291,12-291,"[0, 1, 10, 3, 9, 11, 7, 2, 5, 4, 8, 6]",[ 1  9  5  6  2  8  7  3 11  4 10  6]
292,12-292,"[0, 1, 10, 3, 9, 8, 4, 2, 5, 7, 11, 6]",[ 1  9  5  6 11  8 10  3  2  4  7  6]
293,12-293,"[0, 1, 10, 3, 11, 2, 8, 7, 5, 9, 4, 6]",[ 1  9  5  8  3  6 11 10  4  7  2  6]
294,12-294,"[0, 1, 10, 3, 11, 5, 8, 7, 9, 4, 2, 6]",[ 1  9  5  8  6  3 11  2  7 10  4  6]
295,12-295,"[0, 1, 10, 3, 11, 9, 4, 8, 2, 5, 7, 6]",[ 1  9  5  8 10  7  4  6  3  2 11  6]
296,12-296,"[0, 1, 10, 3, 2, 5, 11, 7, 9, 4, 8, 6]",[ 1  9  5 11  3  6  8  2  7  4 10  6]
297,12-297,"[0, 1, 10, 3, 2, 8, 11, 7, 5, 9, 4, 6]",[ 1  9  5 11  6  3  8 10  4  7  2  6]
298,12-298,"[0, 1, 10, 3, 2, 8, 4, 7, 5, 9, 11, 6]",[ 1  9  5 11  6  8  3 10  4  2  7  6]
299,12-299,"[0, 1, 10, 3, 2, 9, 7, 11, 5, 8, 4, 6]",[ 1  9  5 11  7 10  4  6  3  8  2  6]
300,12-300,"[0, 1, 10, 4, 8, 3, 11, 9, 2, 5, 7, 6]",[ 1  9  6  4  7  8 10  5  3  2 11  6]
301,12-301,"[0, 1, 10, 4, 8, 7, 9, 2, 5, 3, 11, 6]",[ 1  9  6  4 11  2  5  3 10  8  7  6]
302,12-302,"[0, 1, 10, 4, 9, 11, 7, 5, 8, 3, 2, 6]",[ 1  9  6  5  2  8 10  3  7 11  4  6]
303,12-303,"[0, 1, 10, 4, 11, 2, 7, 3, 5, 9, 8, 6]",[ 1  9  6  7  3  5  8  2  4 11 10  6]
304,12-304,"[0, 1, 10, 4, 11, 3, 2, 7, 9, 5, 8, 6]",[ 1  9  6  7  4 11  5  2  8  3 10  6]
305,12-305,"[0, 1, 10, 4, 2, 7, 3, 5, 9, 8, 11, 6]",[ 1  9  6 10  5  8  2  4 11  3  7  6]
306,12-306,"[0, 1, 10, 4, 3, 8, 11, 9, 5, 7, 2, 6]",[ 1  9  6 11  5  3 10  8  2  7  4  6]
307,12-307,"[0, 1, 10, 5, 7, 11, 9, 2, 8, 4, 3, 6]",[ 1  9  7  2  4 10  5  6  8 11  3  6]
308,12-308P,"[0, 1, 10, 5, 7, 3, 9, 8, 11, 4, 2, 6]",[ 1  9  7  2  8  6 11  3  5 10  4  6]
309,12-309,"[0, 1, 10, 5, 8, 7, 9, 3, 11, 4, 2, 6]",[ 1  9  7  3 11  2  6  8  5 10  4  6]
310,12-310,"[0, 1, 10, 5, 8, 7, 3, 9, 11, 4, 2, 6]",[ 1  9  7  3 11  8  6  2  5 10  4  6]
311,12-311L,"[0, 1, 10, 5, 9, 11, 4, 7, 3, 2, 8, 6]",[ 1  9  7  4  2  5  3  8 11  6 10  6]
312,12-312L,"[0, 1, 10, 5, 9, 11, 4, 2, 8, 7, 3, 6]",[ 1  9  7  4  2  5 10  6 11  8  3  6]
313,12-313L,"[0, 1, 10, 5, 9, 7, 3, 2, 8, 11, 4, 6]",[ 1  9  7  4 10  8 11  6  3  5  2  6]
314,12-314,"[0, 1, 10, 5, 11, 9, 2, 4, 8, 7, 3, 6]",[ 1  9  7  6 10  5  2  4 11  8  3  6]
315,12-315L,"[0, 1, 10, 5, 3, 11, 4, 7, 9, 8, 2, 6]",[ 1  9  7 10  8  5  3  2 11  6  4  6]
316,12-316,"[0, 1, 10, 8, 11, 4, 3, 9, 5, 7, 2, 6]",[ 1  9 10  3  5 11  6  8  2  7  4  6]
317,12-317,"[0, 1, 10, 8, 2, 7, 9, 5, 4, 11, 3, 6]",[ 1  9 10  6  5  2  8 11  7  4  3  6]
318,12-318,"[0, 1, 10, 8, 2, 9, 5, 7, 11, 4, 3, 6]",[ 1  9 10  6  7  8  2  4  5 11  3  6]
319,12-319S,"[0, 1, 10, 8, 3, 11, 5, 9, 2, 4, 7, 6]",[ 1  9 10  7  8  6  4  5  2  3 11  6]
320,12-320P,"[0, 1, 10, 8, 3, 11, 5, 4, 7, 9, 2, 6]",[ 1  9 10  7  8  6 11  3  2  5  4  6]
321,12-321P,"[0, 1, 10, 8, 4, 9, 3, 2, 5, 7, 11, 6]",[ 1  9 10  8  5  6 11  3  2  4  7  6]
322,12-322,"[0, 1, 10, 8, 4, 11, 3, 9, 2, 5, 7, 6]",[ 1  9 10  8  7  4  6  5  3  2 11  6]
323,12-323,"[0, 1, 10, 8, 4, 3, 7, 9, 2, 5, 11, 6]",[ 1  9 10  8 11  4  2  5  3  6  7  6]
324,12-324,"[0, 1, 10, 8, 4, 3, 9, 2, 5, 7, 11, 6]",[ 1  9 10  8 11  6  5  3  2  4  7  6]
325,12-325,"[0, 1, 10, 8, 7, 2, 4, 9, 5, 11, 3, 6]",[ 1  9 10 11  7  2  5  8  6  4  3  6]
326,12-326,"[0, 1, 10, 8, 7, 2, 5, 9, 3, 11, 4, 6]",[ 1  9 10 11  7  3  4  6  8  5  2  6]
327,12-327,"[0, 1, 10, 9, 11, 5, 3, 8, 4, 7, 2, 6]",[ 1  9 11  2  6 10  5  8  3  7  4  6]
328,12-328,"[0, 1, 10, 9, 3, 5, 8, 4, 2, 7, 11, 6]",[ 1  9 11  6  2  3  8 10  5  4  7  6]
329,12-329,"[0, 1, 10, 9, 3, 8, 4, 2, 5, 7, 11, 6]",[ 1  9 11  6  5  8 10  3  2  4  7  6]
330,12-330,"[0, 1, 10, 9, 5, 7, 11, 4, 2, 8, 3, 6]",[ 1  9 11  8  2  4  5 10  6  7  3  6]
331,12-331,"[0, 1, 10, 9, 5, 3, 7, 2, 8, 11, 4, 6]",[ 1  9 11  8 10  4  7  6  3  5  2  6]
332,12-332,"[0, 1, 10, 9, 5, 3, 8, 2, 4, 7, 11, 6]",[ 1  9 11  8 10  5  6  2  3  4  7  6]
333,12-333,"[0, 1, 10, 9, 7, 2, 5, 11, 3, 8, 4, 6]",[ 1  9 11 10  7  3  6  4  5  8  2  6]
334,12-334S,"[0, 1, 11, 2, 10, 3, 9, 4, 8, 5, 7, 6]",[ 1 10  3  8  5  6  7  4  9  2 11  6]
335,12-335,"[0, 1, 11, 2, 10, 5, 9, 3, 8, 7, 4, 6]",[ 1 10  3  8  7  4  6  5 11  9  2  6]
336,12-336,"[0, 1, 11, 3, 5, 8, 7, 2, 10, 4, 9, 6]",[ 1 10  4  2  3 11  7  8  6  5  9  6]
337,12-337,"[0, 1, 11, 3, 8, 2, 10, 5, 4, 7, 9, 6]",[ 1 10  4  5  6  8  7 11  3  2  9  6]
338,12-338,"[0, 1, 11, 3, 9, 2, 10, 5, 8, 7, 4, 6]",[ 1 10  4  6  5  8  7  3 11  9  2  6]
339,12-339,"[0, 1, 11, 3, 10, 9, 5, 8, 2, 7, 4, 6]",[ 1 10  4  7 11  8  3  6  5  9  2  6]
340,12-340P,"[0, 1, 11, 4, 7, 3, 9, 8, 10, 5, 2, 6]",[ 1 10  5  3  8  6 11  2  7  9  4  6]
341,12-341,"[0, 1, 11, 4, 7, 3, 2, 8, 10, 5, 9, 6]",[ 1 10  5  3  8 11  6  2  7  4  9  6]
342,12-342,"[0, 1, 11, 4, 8, 2, 5, 7, 3, 10, 9, 6]",[ 1 10  5  4  6  3  2  8  7 11  9  6]
343,12-343,"[0, 1, 11, 4, 8, 5, 7, 2, 10, 9, 3, 6]",[ 1 10  5  4  9  2  7  8 11  6  3  6]
344,12-344,"[0, 1, 11, 4, 10, 2, 9, 8, 5, 7, 3, 6]",[ 1 10  5  6  4  7 11  9  2  8  3  6]
345,12-345,"[0, 1, 11, 4, 10, 7, 9, 5, 8, 3, 2, 6]",[ 1 10  5  6  9  2  8  3  7 11  4  6]
346,12-346,"[0, 1, 11, 4, 3, 9, 5, 8, 10, 7, 2, 6]",[ 1 10  5 11  6  8  3  2  9  7  4  6]
347,12-347,"[0, 1, 11, 4, 3, 10, 7, 9, 5, 8, 2, 6]",[ 1 10  5 11  7  9  2  8  3  6  4  6]
348,12-348,"[0, 1, 11, 5, 8, 4, 3, 10, 2, 7, 9, 6]",[ 1 10  6  3  8 11  7  4  5  2  9  6]
349,12-349,"[0, 1, 11, 5, 8, 4, 3, 10, 7, 9, 2, 6]",[ 1 10  6  3  8 11  7  9  2  5  4  6]
350,12-350L,"[0, 1, 11, 5, 8, 7, 3, 10, 2, 4, 9, 6]",[ 1 10  6  3 11  8  7  4  2  5  9  6]
351,12-351,"[0, 1, 11, 5, 2, 4, 9, 8, 3, 7, 10, 6]",[ 1 10  6  9  2  5 11  7  4  3  8  6]
352,12-352,"[0, 1, 11, 5, 4, 7, 3, 8, 10, 2, 9, 6]",[ 1 10  6 11  3  8  5  2  4  7  9  6]
353,12-353,"[0, 1, 11, 7, 10, 2, 8, 3, 5, 4, 9, 6]",[ 1 10  8  3  4  6  7  2 11  5  9  6]
354,12-354,"[0, 1, 11, 7, 10, 2, 9, 3, 8, 5, 4, 6]",[ 1 10  8  3  4  7  6  5  9 11  2  6]
355,12-355L,"[0, 1, 11, 7, 10, 3, 5, 4, 8, 2, 9, 6]",[ 1 10  8  3  5  2 11  4  6  7  9  6]
356,12-356,"[0, 1, 11, 7, 10, 3, 2, 8, 5, 9, 4, 6]",[ 1 10  8  3  5 11  6  9  4  7  2  6]
357,12-357,"[0, 1, 11, 7, 10, 4, 9, 8, 3, 5, 2, 6]",[ 1 10  8  3  6  5 11  7  2  9  4  6]
358,12-358,"[0, 1, 11, 7, 2, 4, 8, 5, 10, 9, 3, 6]",[ 1 10  8  7  2  4  9  5 11  6  3  6]
359,12-359,"[0, 1, 11, 7, 2, 5, 4, 8, 10, 3, 9, 6]",[ 1 10  8  7  3 11  4  2  5  6  9  6]
360,12-360,"[0, 1, 11, 8, 10, 3, 9, 5, 4, 7, 2, 6]",[ 1 10  9  2  5  6  8 11  3  7  4  6]
361,12-361,"[0, 1, 11, 8, 10, 5, 4, 7, 3, 9, 2, 6]",[ 1 10  9  2  7 11  3  8  6  5  4  6]
362,12-362L,"[0, 1, 11, 8, 3, 7, 9, 2, 5, 4, 10, 6]",[ 1 10  9  7  4  2  5  3 11  6  8  6]
363,12-363S,"[0, 1, 11, 8, 4, 9, 3, 10, 2, 5, 7, 6]",[ 1 10  9  8  5  6  7  4  3  2 11  6]
364,12-364,"[0, 1, 11, 10, 7, 2, 5, 9, 3, 8, 4, 6]",[ 1 10 11  9  7  3  4  6  5  8  2  6]
365,12-365,"[0, 1, 11, 10, 7, 3, 8, 2, 5, 9, 4, 6]",[ 1 10 11  9  8  5  6  3  4  7  2  6]
366,12-366,"[0, 2, 3, 7, 10, 4, 9, 8, 5, 1, 11, 6]",[ 2  1  4  3  6  5 11  9  8 10  7  6]
367,12-367,"[0, 2, 3, 7, 10, 4, 11, 9, 8, 5, 1, 6]",[ 2  1  4  3  6  7 10 11  9  8  5  6]
368,12-368SL,"[0, 2, 3, 7, 10, 5, 11, 4, 1, 9, 8, 6]",[ 2  1  4  3  7  6  5  9  8 11 10  6]
369,12-369P,"[0, 2, 3, 7, 10, 5, 11, 9, 8, 4, 1, 6]",[ 2  1  4  3  7  6 10 11  8  9  5  6]
370,12-370L,"[0, 2, 3, 7, 10, 9, 5, 11, 4, 1, 8, 6]",[ 2  1  4  3 11  8  6  5  9  7 10  6]
371,12-371,"[0, 2, 3, 7, 1, 4, 11, 9, 8, 5, 10, 6]",[ 2  1  4  6  3  7 10 11  9  5  8  6]
372,12-372,"[0, 2, 3, 7, 1, 11, 10, 5, 8, 4, 9, 6]",[ 2  1  4  6 10 11  7  3  8  5  9  6]
373,12-373L,"[0, 2, 3, 7, 4, 9, 5, 11, 10, 1, 8, 6]",[ 2  1  4  9  5  8  6 11  3  7 10  6]
374,12-374,"[0, 2, 3, 7, 4, 10, 9, 5, 8, 1, 11, 6]",[ 2  1  4  9  6 11  8  3  5 10  7  6]
375,12-375SL,"[0, 2, 3, 7, 4, 11, 5, 10, 1, 9, 8, 6]",[ 2  1  4  9  7  6  5  3  8 11 10  6]
376,12-376,"[0, 2, 3, 7, 5, 10, 4, 1, 9, 8, 11, 6]",[ 2  1  4 10  5  6  9  8 11  3  7  6]
377,12-377,"[0, 2, 3, 7, 5, 11, 10, 1, 8, 4, 9, 6]",[ 2  1  4 10  6 11  3  7  8  5  9  6]
378,12-378,"[0, 2, 3, 7, 5, 1, 8, 11, 4, 10, 9, 6]",[ 2  1  4 10  8  7  3  5  6 11  9  6]
379,12-379,"[0, 2, 3, 7, 5, 1, 8, 11, 10, 4, 9, 6]",[ 2  1  4 10  8  7  3 11  6  5  9  6]
380,12-380,"[0, 2, 3, 7, 5, 1, 10, 4, 9, 8, 11, 6]",[ 2  1  4 10  8  9  6  5 11  3  7  6]
381,12-381P,"[0, 2, 3, 8, 4, 7, 1, 11, 10, 5, 9, 6]",[ 2  1  5  8  3  6 10 11  7  4  9  6]
382,12-382,"[0, 2, 3, 8, 4, 11, 10, 1, 7, 5, 9, 6]",[ 2  1  5  8  7 11  3  6 10  4  9  6]
383,12-383,"[0, 2, 3, 8, 5, 9, 4, 7, 1, 11, 10, 6]",[ 2  1  5  9  4  7  3  6 10 11  8  6]
384,12-384,"[0, 2, 3, 8, 5, 9, 7, 1, 4, 11, 10, 6]",[ 2  1  5  9  4 10  6  3  7 11  8  6]
385,12-385,"[0, 2, 3, 8, 5, 1, 4, 10, 9, 7, 11, 6]",[ 2  1  5  9  8  3  6 11 10  4  7  6]
386,12-386,"[0, 2, 3, 8, 5, 4, 10, 1, 9, 7, 11, 6]",[ 2  1  5  9 11  6  3  8 10  4  7  6]
387,12-387,"[0, 2, 3, 8, 5, 4, 11, 9, 1, 7, 10, 6]",[ 2  1  5  9 11  7 10  4  6  3  8  6]
388,12-388,"[0, 2, 3, 9, 1, 4, 11, 8, 7, 5, 10, 6]",[ 2  1  6  4  3  7  9 11 10  5  8  6]
389,12-389,"[0, 2, 3, 9, 4, 7, 11, 10, 8, 5, 1, 6]",[ 2  1  6  7  3  4 11 10  9  8  5  6]
390,12-390,"[0, 2, 3, 9, 4, 8, 11, 10, 7, 5, 1, 6]",[ 2  1  6  7  4  3 11  9 10  8  5  6]
391,12-391,"[0, 2, 3, 9, 7, 11, 10, 5, 8, 4, 1, 6]",[ 2  1  6 10  4 11  7  3  8  9  5  6]
392,12-392,"[0, 2, 3, 9, 7, 4, 8, 11, 10, 5, 1, 6]",[ 2  1  6 10  9  4  3 11  7  8  5  6]
393,12-393S,"[0, 2, 3, 10, 1, 5, 11, 7, 4, 9, 8, 6]",[ 2  1  7  3  4  6  8  9  5 11 10  6]
394,12-394,"[0, 2, 3, 10, 4, 7, 11, 9, 8, 5, 1, 6]",[ 2  1  7  6  3  4 10 11  9  8  5  6]
395,12-395S,"[0, 2, 3, 10, 7, 11, 5, 1, 4, 9, 8, 6]",[ 2  1  7  9  4  6  8  3  5 11 10  6]
396,12-396,"[0, 2, 3, 10, 8, 11, 7, 1, 5, 4, 9, 6]",[ 2  1  7 10  3  8  6  4 11  5  9  6]
397,12-397,"[0, 2, 3, 10, 8, 7, 11, 5, 1, 4, 9, 6]",[ 2  1  7 10 11  4  6  8  3  5  9  6]
398,12-398,"[0, 2, 3, 10, 9, 7, 11, 5, 8, 4, 1, 6]",[ 2  1  7 11 10  4  6  3  8  9  5  6]
399,12-399,"[0, 2, 3, 10, 9, 7, 4, 8, 11, 5, 1, 6]",[ 2  1  7 11 10  9  4  3  6  8  5  6]
400,12-400S,"[0, 2, 3, 11, 4, 7, 1, 10, 5, 9, 8, 6]",[ 2  1  8  5  3  6  9  7  4 11 10  6]
401,12-401,"[0, 2, 3, 11, 4, 10, 1, 8, 7, 5, 9, 6]",[ 2  1  8  5  6  3  7 11 10  4  9  6]
402,12-402S,"[0, 2, 3, 11, 4, 1, 7, 10, 5, 9, 8, 6]",[ 2  1  8  5  9  6  3  7  4 11 10  6]
403,12-403,"[0, 2, 3, 11, 8, 7, 5, 9, 4, 10, 1, 6]",[ 2  1  8  9 11 10  4  7  6  3  5  6]
404,12-404,"[0, 2, 3, 11, 10, 8, 5, 9, 4, 7, 1, 6]",[ 2  1  8 11 10  9  4  7  3  6  5  6]
405,12-405,"[0, 2, 3, 1, 7, 11, 10, 5, 8, 4, 9, 6]",[ 2  1 10  6  4 11  7  3  8  5  9  6]
406,12-406,"[0, 2, 3, 1, 8, 4, 7, 11, 5, 10, 9, 6]",[ 2  1 10  7  8  3  4  6  5 11  9  6]
407,12-407L,"[0, 2, 3, 1, 9, 8, 5, 10, 4, 7, 11, 6]",[ 2  1 10  8 11  9  5  6  3  4  7  6]
408,12-408,"[0, 2, 3, 1, 10, 4, 9, 5, 8, 7, 11, 6]",[ 2  1 10  9  6  5  8  3 11  4  7  6]
409,12-409,"[0, 2, 5, 9, 10, 4, 11, 8, 7, 3, 1, 6]",[ 2  3  4  1  6  7  9 11  8 10  5  6]
410,12-410,"[0, 2, 5, 9, 10, 8, 1, 7, 4, 3, 11, 6]",[ 2  3  4  1 10  5  6  9 11  8  7  6]
411,12-411,"[0, 2, 5, 9, 7, 8, 1, 10, 4, 3, 11, 6]",[ 2  3  4 10  1  5  9  6 11  8  7  6]
412,12-412,"[0, 2, 5, 9, 7, 8, 3, 11, 10, 4, 1, 6]",[ 2  3  4 10  1  7  8 11  6  9  5  6]
413,12-413L,"[0, 2, 5, 10, 11, 7, 4, 3, 9, 1, 8, 6]",[ 2  3  5  1  8  9 11  6  4  7 10  6]
414,12-414,"[0, 2, 5, 10, 7, 8, 4, 3, 9, 1, 11, 6]",[ 2  3  5  9  1  8 11  6  4 10  7  6]
415,12-415,"[0, 2, 5, 10, 8, 9, 1, 7, 4, 3, 11, 6]",[ 2  3  5 10  1  4  6  9 11  8  7  6]
416,12-416S,"[0, 2, 5, 10, 9, 1, 7, 3, 4, 11, 8, 6]",[ 2  3  5 11  4  6  8  1  7  9 10  6]
417,12-417,"[0, 2, 5, 10, 9, 3, 7, 8, 4, 1, 11, 6]",[ 2  3  5 11  6  4  1  8  9 10  7  6]
418,12-418,"[0, 2, 5, 11, 3, 10, 9, 7, 8, 4, 1, 6]",[ 2  3  6  4  7 11 10  1  8  9  5  6]
419,12-419,"[0, 2, 5, 11, 3, 1, 8, 7, 4, 9, 10, 6]",[ 2  3  6  4 10  7 11  9  5  1  8  6]
420,12-420L,"[0, 2, 5, 11, 7, 4, 3, 10, 8, 9, 1, 6]",[ 2  3  6  8  9 11  7 10  1  4  5  6]
421,12-421,"[0, 2, 5, 11, 9, 4, 3, 7, 8, 1, 10, 6]",[ 2  3  6 10  7 11  4  1  5  9  8  6]
422,12-422L,"[0, 2, 5, 11, 10, 7, 3, 4, 9, 1, 8, 6]",[ 2  3  6 11  9  8  1  5  4  7 10  6]
423,12-423,"[0, 2, 5, 1, 7, 11, 4, 3, 10, 8, 9, 6]",[ 2  3  8  6  4  5 11  7 10  1  9  6]
424,12-424,"[0, 2, 5, 1, 7, 11, 10, 8, 3, 4, 9, 6]",[ 2  3  8  6  4 11 10  7  1  5  9  6]
425,12-425,"[0, 2, 5, 1, 10, 4, 3, 8, 9, 7, 11, 6]",[ 2  3  8  9  6 11  5  1 10  4  7  6]
426,12-426L,"[0, 2, 5, 3, 8, 9, 1, 7, 4, 11, 10, 6]",[ 2  3 10  5  1  4  6  9  7 11  8  6]
427,12-427,"[0, 2, 5, 3, 8, 9, 4, 1, 7, 11, 10, 6]",[ 2  3 10  5  1  7  9  6  4 11  8  6]
428,12-428,"[0, 2, 5, 3, 10, 11, 4, 8, 7, 1, 9, 6]",[ 2  3 10  7  1  5  4 11  6  8  9  6]
429,12-429,"[0, 2, 5, 4, 8, 9, 7, 1, 10, 3, 11, 6]",[ 2  3 11  4  1 10  6  9  5  8  7  6]
430,12-430,"[0, 2, 5, 4, 8, 1, 7, 3, 10, 11, 9, 6]",[ 2  3 11  4  5  6  8  7  1 10  9  6]
431,12-431,"[0, 2, 5, 4, 8, 3, 11, 9, 10, 7, 1, 6]",[ 2  3 11  4  7  8 10  1  9  6  5  6]
432,12-432S,"[0, 2, 5, 4, 9, 1, 7, 3, 10, 11, 8, 6]",[ 2  3 11  5  4  6  8  7  1  9 10  6]
433,12-433,"[0, 2, 5, 4, 10, 7, 8, 3, 11, 9, 1, 6]",[ 2  3 11  6  9  1  7  8 10  4  5  6]
434,12-434,"[0, 2, 5, 4, 10, 7, 3, 8, 9, 1, 11, 6]",[ 2  3 11  6  9  8  5  1  4 10  7  6]
435,12-435,"[0, 2, 5, 4, 11, 3, 8, 9, 7, 1, 10, 6]",[ 2  3 11  7  4  5  1 10  6  9  8  6]
436,12-436,"[0, 2, 5, 4, 11, 3, 9, 7, 8, 1, 10, 6]",[ 2  3 11  7  4  6 10  1  5  9  8  6]
437,12-437,"[0, 2, 5, 4, 11, 9, 3, 7, 8, 1, 10, 6]",[ 2  3 11  7 10  6  4  1  5  9  8  6]
438,12-438,"[0, 2, 7, 8, 11, 5, 9, 4, 3, 1, 10, 6]",[ 2  5  1  3  6  4  7 11 10  9  8  6]
439,12-439,"[0, 2, 7, 8, 4, 11, 10, 1, 5, 3, 9, 6]",[ 2  5  1  8  7 11  3  4 10  6  9  6]
440,12-440L,"[0, 2, 7, 8, 4, 1, 11, 10, 5, 9, 3, 6]",[ 2  5  1  8  9 10 11  7  4  6  3  6]
441,12-441,"[0, 2, 7, 8, 4, 3, 10, 1, 5, 11, 9, 6]",[ 2  5  1  8 11  7  3  4  6 10  9  6]
442,12-442,"[0, 2, 7, 8, 4, 3, 10, 1, 11, 5, 9, 6]",[ 2  5  1  8 11  7  3 10  6  4  9  6]
443,12-443,"[0, 2, 7, 8, 5, 9, 3, 1, 4, 11, 10, 6]",[ 2  5  1  9  4  6 10  3  7 11  8  6]
444,12-444,"[0, 2, 7, 8, 5, 11, 9, 1, 4, 3, 10, 6]",[ 2  5  1  9  6 10  4  3 11  7  8  6]
445,12-445,"[0, 2, 7, 8, 5, 3, 9, 1, 4, 11, 10, 6]",[ 2  5  1  9 10  6  4  3  7 11  8  6]
446,12-446S,"[0, 2, 7, 10, 11, 3, 9, 5, 4, 1, 8, 6]",[ 2  5  3  1  4  6  8 11  9  7 10  6]
447,12-447,"[0, 2, 7, 10, 11, 5, 4, 8, 3, 1, 9, 6]",[ 2  5  3  1  6 11  4  7 10  8  9  6]
448,12-448,"[0, 2, 7, 10, 4, 11, 3, 1, 9, 8, 5, 6]",[ 2  5  3  6  7  4 10  8 11  9  1  6]
449,12-449,"[0, 2, 7, 10, 4, 3, 11, 9, 1, 8, 5, 6]",[ 2  5  3  6 11  8 10  4  7  9  1  6]
450,12-450S,"[0, 2, 7, 10, 9, 5, 11, 3, 4, 1, 8, 6]",[ 2  5  3 11  8  6  4  1  9  7 10  6]
451,12-451,"[0, 2, 7, 11, 5, 8, 9, 4, 3, 1, 10, 6]",[ 2  5  4  6  3  1  7 11 10  9  8  6]
452,12-452,"[0, 2, 7, 11, 5, 1, 4, 3, 10, 8, 9, 6]",[ 2  5  4  6  8  3 11  7 10  1  9  6]
453,12-453,"[0, 2, 7, 11, 5, 1, 10, 8, 9, 4, 3, 6]",[ 2  5  4  6  8  9 10  1  7 11  3  6]
454,12-454L,"[0, 2, 7, 11, 5, 4, 1, 9, 10, 8, 3, 6]",[ 2  5  4  6 11  9  8  1 10  7  3  6]
455,12-455,"[0, 2, 7, 11, 8, 3, 1, 4, 10, 9, 5, 6]",[ 2  5  4  9  7 10  3  6 11  8  1  6]
456,12-456,"[0, 2, 7, 11, 10, 1, 8, 4, 5, 3, 9, 6]",[ 2  5  4 11  3  7  8  1 10  6  9  6]
457,12-457,"[0, 2, 7, 11, 10, 4, 1, 8, 9, 5, 3, 6]",[ 2  5  4 11  6  9  7  1  8 10  3  6]
458,12-458,"[0, 2, 7, 1, 5, 8, 4, 3, 10, 11, 9, 6]",[ 2  5  6  4  3  8 11  7  1 10  9  6]
459,12-459,"[0, 2, 7, 1, 9, 10, 8, 5, 4, 11, 3, 6]",[ 2  5  6  8  1 10  9 11  7  4  3  6]
460,12-460L,"[0, 2, 7, 1, 10, 11, 9, 5, 4, 8, 3, 6]",[ 2  5  6  9  1 10  8 11  4  7  3  6]
461,12-461,"[0, 2, 7, 1, 10, 8, 9, 5, 4, 11, 3, 6]",[ 2  5  6  9 10  1  8 11  7  4  3  6]
462,12-462,"[0, 2, 7, 1, 10, 9, 5, 3, 4, 8, 11, 6]",[ 2  5  6  9 11  8 10  1  4  3  7  6]
463,12-463,"[0, 2, 7, 3, 9, 1, 4, 11, 10, 8, 5, 6]",[ 2  5  8  6  4  3  7 11 10  9  1  6]
464,12-464,"[0, 2, 7, 3, 10, 1, 11, 5, 4, 8, 9, 6]",[ 2  5  8  7  3 10  6 11  4  1  9  6]
465,12-465,"[0, 2, 7, 4, 5, 8, 3, 9, 1, 11, 10, 6]",[ 2  5  9  1  3  7  6  4 10 11  8  6]
466,12-466S,"[0, 2, 7, 4, 5, 9, 3, 11, 10, 1, 8, 6]",[ 2  5  9  1  4  6  8 11  3  7 10  6]
467,12-467P,"[0, 2, 7, 4, 5, 9, 3, 1, 8, 11, 10, 6]",[ 2  5  9  1  4  6 10  7  3 11  8  6]
468,12-468,"[0, 2, 7, 4, 5, 3, 9, 1, 8, 11, 10, 6]",[ 2  5  9  1 10  6  4  7  3 11  8  6]
469,12-469S,"[0, 2, 7, 4, 3, 11, 5, 9, 10, 1, 8, 6]",[ 2  5  9 11  8  6  4  1  3  7 10  6]
470,12-470,"[0, 2, 7, 4, 3, 1, 8, 11, 5, 9, 10, 6]",[ 2  5  9 11 10  7  3  6  4  1  8  6]
471,12-471,"[0, 2, 7, 5, 8, 9, 1, 10, 4, 3, 11, 6]",[ 2  5 10  3  1  4  9  6 11  8  7  6]
472,12-472,"[0, 2, 7, 5, 8, 4, 3, 9, 1, 10, 11, 6]",[ 2  5 10  3  8 11  6  4  9  1  7  6]
473,12-473,"[0, 2, 7, 5, 11, 8, 9, 1, 4, 3, 10, 6]",[ 2  5 10  6  9  1  4  3 11  7  8  6]
474,12-474,"[0, 2, 7, 5, 1, 8, 11, 3, 4, 10, 9, 6]",[ 2  5 10  8  7  3  4  1  6 11  9  6]
475,12-475,"[0, 2, 8, 11, 3, 10, 9, 7, 4, 5, 1, 6]",[ 2  6  3  4  7 11 10  9  1  8  5  6]
476,12-476L,"[0, 2, 8, 11, 7, 4, 5, 3, 10, 9, 1, 6]",[ 2  6  3  8  9  1 10  7 11  4  5  6]
477,12-477,"[0, 2, 8, 11, 10, 5, 9, 7, 3, 4, 1, 6]",[ 2  6  3 11  7  4 10  8  1  9  5  6]
478,12-478L,"[0, 2, 8, 1, 4, 3, 10, 11, 7, 5, 9, 6]",[ 2  6  5  3 11  7  1  8 10  4  9  6]
479,12-479,"[0, 2, 8, 1, 4, 3, 10, 7, 11, 9, 5, 6]",[ 2  6  5  3 11  7  9  4 10  8  1  6]
480,12-480L,"[0, 2, 8, 1, 5, 3, 4, 11, 7, 10, 9, 6]",[ 2  6  5  4 10  1  7  8  3 11  9  6]
481,12-481L,"[0, 2, 8, 1, 5, 4, 7, 3, 10, 11, 9, 6]",[ 2  6  5  4 11  3  8  7  1 10  9  6]
482,12-482L,"[0, 2, 8, 1, 5, 4, 11, 9, 10, 7, 3, 6]",[ 2  6  5  4 11  7 10  1  9  8  3  6]
483,12-483L,"[0, 2, 8, 1, 9, 10, 7, 5, 4, 11, 3, 6]",[ 2  6  5  8  1  9 10 11  7  4  3  6]
484,12-484,"[0, 2, 8, 1, 10, 11, 7, 5, 9, 4, 3, 6]",[ 2  6  5  9  1  8 10  4  7 11  3  6]
485,12-485,"[0, 2, 8, 1, 10, 9, 5, 3, 4, 7, 11, 6]",[ 2  6  5  9 11  8 10  1  3  4  7  6]
486,12-486L,"[0, 2, 8, 3, 7, 10, 11, 9, 5, 4, 1, 6]",[ 2  6  7  4  3  1 10  8 11  9  5  6]
487,12-487,"[0, 2, 8, 5, 9, 7, 3, 4, 11, 10, 1, 6]",[ 2  6  9  4 10  8  1  7 11  3  5  6]
488,12-488L,"[0, 2, 8, 5, 3, 4, 11, 7, 10, 9, 1, 6]",[ 2  6  9 10  1  7  8  3 11  4  5  6]
489,12-489L,"[0, 2, 8, 5, 4, 7, 3, 10, 11, 9, 1, 6]",[ 2  6  9 11  3  8  7  1 10  4  5  6]
490,12-490,"[0, 2, 8, 7, 10, 3, 11, 9, 4, 1, 5, 6]",[ 2  6 11  3  5  8 10  7  9  4  1  6]
491,12-491,"[0, 2, 8, 7, 10, 5, 1, 11, 3, 4, 9, 6]",[ 2  6 11  3  7  8 10  4  1  5  9  6]
492,12-492L,"[0, 2, 8, 7, 11, 4, 5, 3, 10, 1, 9, 6]",[ 2  6 11  4  5  1 10  7  3  8  9  6]
493,12-493L,"[0, 2, 8, 7, 11, 4, 1, 9, 10, 5, 3, 6]",[ 2  6 11  4  5  9  8  1  7 10  3  6]
494,12-494L,"[0, 2, 8, 7, 11, 9, 4, 5, 1, 10, 3, 6]",[ 2  6 11  4 10  7  1  8  9  5  3  6]
495,12-495L,"[0, 2, 8, 7, 3, 10, 1, 11, 4, 5, 9, 6]",[ 2  6 11  8  7  3 10  5  1  4  9  6]
496,12-496,"[0, 2, 8, 7, 4, 9, 10, 1, 5, 3, 11, 6]",[ 2  6 11  9  5  1  3  4 10  8  7  6]
497,12-497L,"[0, 2, 8, 7, 4, 9, 10, 5, 1, 11, 3, 6]",[ 2  6 11  9  5  1  7  8 10  4  3  6]
498,12-498S,"[0, 2, 9, 10, 1, 5, 11, 7, 4, 3, 8, 6]",[ 2  7  1  3  4  6  8  9 11  5 10  6]
499,12-499,"[0, 2, 9, 10, 7, 11, 5, 8, 4, 3, 1, 6]",[ 2  7  1  9  4  6  3  8 11 10  5  6]
500,12-500S,"[0, 2, 9, 10, 7, 11, 5, 1, 4, 3, 8, 6]",[ 2  7  1  9  4  6  8  3 11  5 10  6]
501,12-501,"[0, 2, 9, 10, 8, 1, 5, 11, 7, 4, 3, 6]",[ 2  7  1 10  5  4  6  8  9 11  3  6]
502,12-502,"[0, 2, 9, 10, 8, 5, 1, 7, 11, 4, 3, 6]",[ 2  7  1 10  9  8  6  4  5 11  3  6]
503,12-503SL,"[0, 2, 9, 1, 4, 5, 11, 10, 7, 3, 8, 6]",[ 2  7  4  3  1  6 11  9  8  5 10  6]
504,12-504,"[0, 2, 9, 1, 4, 10, 3, 11, 8, 7, 5, 6]",[ 2  7  4  3  6  5  8  9 11 10  1  6]
505,12-505L,"[0, 2, 9, 1, 4, 3, 11, 5, 10, 7, 8, 6]",[ 2  7  4  3 11  8  6  5  9  1 10  6]
506,12-506,"[0, 2, 9, 1, 7, 4, 5, 3, 8, 11, 10, 6]",[ 2  7  4  6  9  1 10  5  3 11  8  6]
507,12-507,"[0, 2, 9, 1, 7, 5, 10, 11, 8, 4, 3, 6]",[ 2  7  4  6 10  5  1  9  8 11  3  6]
508,12-508SL,"[0, 2, 9, 1, 10, 11, 5, 4, 7, 3, 8, 6]",[ 2  7  4  9  1  6 11  3  8  5 10  6]
509,12-509L,"[0, 2, 9, 1, 10, 3, 11, 5, 4, 7, 8, 6]",[ 2  7  4  9  5  8  6 11  3  1 10  6]
510,12-510,"[0, 2, 9, 1, 10, 4, 3, 8, 11, 7, 5, 6]",[ 2  7  4  9  6 11  5  3  8 10  1  6]
511,12-511,"[0, 2, 9, 1, 11, 5, 10, 7, 8, 4, 3, 6]",[ 2  7  4 10  6  5  9  1  8 11  3  6]
512,12-512,"[0, 2, 9, 1, 11, 7, 8, 5, 10, 4, 3, 6]",[ 2  7  4 10  8  1  9  5  6 11  3  6]
513,12-513,"[0, 2, 9, 1, 11, 7, 8, 5, 4, 10, 3, 6]",[ 2  7  4 10  8  1  9 11  6  5  3  6]
514,12-514,"[0, 2, 9, 1, 11, 7, 10, 4, 3, 8, 5, 6]",[ 2  7  4 10  8  3  6 11  5  9  1  6]
515,12-515,"[0, 2, 9, 1, 11, 10, 4, 7, 3, 8, 5, 6]",[ 2  7  4 10 11  6  3  8  5  9  1  6]
516,12-516,"[0, 2, 9, 3, 7, 4, 5, 8, 1, 11, 10, 6]",[ 2  7  6  4  9  1  3  5 10 11  8  6]
517,12-517,"[0, 2, 9, 5, 3, 4, 8, 11, 10, 7, 1, 6]",[ 2  7  8 10  1  4  3 11  9  6  5  6]
518,12-518,"[0, 2, 9, 5, 3, 7, 8, 11, 10, 4, 1, 6]",[ 2  7  8 10  4  1  3 11  6  9  5  6]
519,12-519S,"[0, 2, 9, 5, 4, 7, 1, 10, 11, 3, 8, 6]",[ 2  7  8 11  3  6  9  1  4  5 10  6]
520,12-520,"[0, 2, 9, 5, 4, 10, 7, 8, 11, 3, 1, 6]",[ 2  7  8 11  6  9  1  3  4 10  5  6]
521,12-521,"[0, 2, 9, 5, 4, 10, 7, 8, 1, 11, 3, 6]",[ 2  7  8 11  6  9  1  5 10  4  3  6]
522,12-522S,"[0, 2, 9, 5, 4, 1, 7, 10, 11, 3, 8, 6]",[ 2  7  8 11  9  6  3  1  4  5 10  6]
523,12-523,"[0, 2, 9, 7, 8, 4, 1, 5, 11, 10, 3, 6]",[ 2  7 10  1  8  9  4  6 11  5  3  6]
524,12-524,"[0, 2, 9, 7, 10, 4, 3, 11, 8, 1, 5, 6]",[ 2  7 10  3  6 11  8  9  5  4  1  6]
525,12-525,"[0, 2, 9, 7, 1, 5, 10, 11, 8, 4, 3, 6]",[ 2  7 10  6  4  5  1  9  8 11  3  6]
526,12-526,"[0, 2, 9, 7, 3, 4, 8, 5, 11, 10, 1, 6]",[ 2  7 10  8  1  4  9  6 11  3  5  6]
527,12-527L,"[0, 2, 9, 7, 3, 8, 11, 10, 4, 1, 5, 6]",[ 2  7 10  8  5  3 11  6  9  4  1  6]
528,12-528L,"[0, 2, 9, 8, 11, 3, 4, 10, 7, 5, 1, 6]",[ 2  7 11  3  4  1  6  9 10  8  5  6]
529,12-529,"[0, 2, 9, 8, 11, 3, 4, 1, 7, 5, 10, 6]",[ 2  7 11  3  4  1  9  6 10  5  8  6]
530,12-530,"[0, 2, 9, 8, 11, 3, 1, 7, 4, 5, 10, 6]",[ 2  7 11  3  4 10  6  9  1  5  8  6]
531,12-531,"[0, 2, 9, 8, 11, 4, 5, 3, 7, 1, 10, 6]",[ 2  7 11  3  5  1 10  4  6  9  8  6]
532,12-532,"[0, 2, 9, 8, 11, 4, 10, 7, 3, 1, 5, 6]",[ 2  7 11  3  5  6  9  8 10  4  1  6]
533,12-533,"[0, 2, 9, 8, 11, 7, 4, 10, 3, 1, 5, 6]",[ 2  7 11  3  8  9  6  5 10  4  1  6]
534,12-534,"[0, 2, 9, 8, 4, 5, 10, 7, 1, 11, 3, 6]",[ 2  7 11  8  1  5  9  6 10  4  3  6]
535,12-535P,"[0, 2, 9, 8, 4, 1, 7, 5, 10, 11, 3, 6]",[ 2  7 11  8  9  6 10  5  1  4  3  6]
536,12-536P,"[0, 2, 10, 11, 4, 1, 7, 5, 9, 8, 3, 6]",[ 2  8  1  5  9  6 10  4 11  7  3  6]
537,12-537,"[0, 2, 10, 11, 4, 1, 8, 7, 5, 9, 3, 6]",[ 2  8  1  5  9  7 11 10  4  6  3  6]
538,12-538,"[0, 2, 10, 11, 8, 1, 7, 5, 9, 4, 3, 6]",[ 2  8  1  9  5  6 10  4  7 11  3  6]
539,12-539,"[0, 2, 10, 1, 7, 11, 9, 4, 3, 8, 5, 6]",[ 2  8  3  6  4 10  7 11  5  9  1  6]
540,12-540,"[0, 2, 10, 1, 7, 5, 4, 11, 3, 8, 9, 6]",[ 2  8  3  6 10 11  7  4  5  1  9  6]
541,12-541,"[0, 2, 10, 1, 8, 7, 11, 4, 5, 3, 9, 6]",[ 2  8  3  7 11  4  5  1 10  6  9  6]
542,12-542,"[0, 2, 10, 1, 8, 7, 11, 5, 3, 4, 9, 6]",[ 2  8  3  7 11  4  6 10  1  5  9  6]
543,12-543,"[0, 2, 10, 1, 8, 7, 5, 11, 3, 4, 9, 6]",[ 2  8  3  7 11 10  6  4  1  5  9  6]
544,12-544,"[0, 2, 10, 3, 4, 1, 7, 5, 9, 8, 11, 6]",[ 2  8  5  1  9  6 10  4 11  3  7  6]
545,12-545,"[0, 2, 10, 3, 7, 1, 4, 11, 9, 8, 5, 6]",[ 2  8  5  4  6  3  7 10 11  9  1  6]
546,12-546,"[0, 2, 10, 3, 9, 1, 4, 11, 8, 7, 5, 6]",[ 2  8  5  6  4  3  7  9 11 10  1  6]
547,12-547,"[0, 2, 10, 3, 1, 7, 4, 5, 9, 8, 11, 6]",[ 2  8  5 10  6  9  1  4 11  3  7  6]
548,12-548,"[0, 2, 10, 5, 8, 7, 1, 11, 3, 4, 9, 6]",[ 2  8  7  3 11  6 10  4  1  5  9  6]
549,12-549,"[0, 2, 10, 5, 4, 7, 8, 1, 11, 3, 9, 6]",[ 2  8  7 11  3  1  5 10  4  6  9  6]
550,12-550,"[0, 2, 10, 5, 4, 7, 11, 8, 9, 3, 1, 6]",[ 2  8  7 11  3  4  9  1  6 10  5  6]
551,12-551P,"[0, 2, 10, 5, 4, 7, 1, 11, 3, 8, 9, 6]",[ 2  8  7 11  3  6 10  4  5  1  9  6]
552,12-552,"[0, 2, 10, 7, 8, 11, 5, 9, 4, 3, 1, 6]",[ 2  8  9  1  3  6  4  7 11 10  5  6]
553,12-553,"[0, 2, 10, 7, 8, 1, 5, 11, 9, 4, 3, 6]",[ 2  8  9  1  5  4  6 10  7 11  3  6]
554,12-554,"[0, 2, 10, 7, 8, 1, 5, 4, 11, 9, 3, 6]",[ 2  8  9  1  5  4 11  7 10  6  3  6]
555,12-555,"[0, 2, 10, 7, 8, 1, 11, 5, 9, 4, 3, 6]",[ 2  8  9  1  5 10  6  4  7 11  3  6]
556,12-556,"[0, 2, 10, 7, 11, 5, 8, 9, 4, 3, 1, 6]",[ 2  8  9  4  6  3  1  7 11 10  5  6]
557,12-557,"[0, 2, 10, 7, 1, 5, 3, 4, 9, 8, 11, 6]",[ 2  8  9  6  4 10  1  5 11  3  7  6]
558,12-558,"[0, 2, 10, 7, 1, 11, 4, 5, 9, 8, 3, 6]",[ 2  8  9  6 10  5  1  4 11  7  3  6]
559,12-559,"[0, 2, 10, 9, 1, 7, 4, 5, 3, 8, 11, 6]",[ 2  8 11  4  6  9  1 10  5  3  7  6]
560,12-560,"[0, 2, 10, 9, 3, 7, 4, 5, 8, 1, 11, 6]",[ 2  8 11  6  4  9  1  3  5 10  7  6]
561,12-561,"[0, 2, 10, 9, 4, 7, 8, 5, 11, 3, 1, 6]",[ 2  8 11  7  3  1  9  6  4 10  5  6]
562,12-562,"[0, 2, 10, 9, 4, 7, 1, 11, 3, 8, 5, 6]",[ 2  8 11  7  3  6 10  4  5  9  1  6]
563,12-563,"[0, 2, 10, 9, 7, 11, 5, 8, 3, 4, 1, 6]",[ 2  8 11 10  4  6  3  7  1  9  5  6]
564,12-564,"[0, 2, 10, 9, 7, 1, 4, 11, 3, 8, 5, 6]",[ 2  8 11 10  6  3  7  4  5  9  1  6]
565,12-565,"[0, 2, 11, 3, 10, 8, 9, 5, 4, 7, 1, 6]",[ 2  9  4  7 10  1  8 11  3  6  5  6]
566,12-566,"[0, 2, 11, 3, 10, 8, 7, 1, 4, 9, 5, 6]",[ 2  9  4  7 10 11  6  3  5  8  1  6]
567,12-567,"[0, 2, 11, 3, 1, 8, 7, 10, 4, 9, 5, 6]",[ 2  9  4 10  7 11  3  6  5  8  1  6]
568,12-568,"[0, 2, 11, 4, 5, 9, 3, 1, 8, 7, 10, 6]",[ 2  9  5  1  4  6 10  7 11  3  8  6]
569,12-569,"[0, 2, 11, 4, 5, 9, 8, 3, 1, 7, 10, 6]",[ 2  9  5  1  4 11  7 10  6  3  8  6]
570,12-570,"[0, 2, 11, 4, 5, 3, 9, 1, 8, 7, 10, 6]",[ 2  9  5  1 10  6  4  7 11  3  8  6]
571,12-571,"[0, 2, 11, 4, 8, 3, 1, 7, 10, 9, 5, 6]",[ 2  9  5  4  7 10  6  3 11  8  1  6]
572,12-572,"[0, 2, 11, 4, 8, 7, 1, 9, 10, 5, 3, 6]",[ 2  9  5  4 11  6  8  1  7 10  3  6]
573,12-573,"[0, 2, 11, 4, 10, 1, 9, 8, 3, 7, 5, 6]",[ 2  9  5  6  3  8 11  7  4 10  1  6]
574,12-574S,"[0, 2, 11, 4, 3, 7, 1, 9, 10, 5, 8, 6]",[ 2  9  5 11  4  6  8  1  7  3 10  6]
575,12-575,"[0, 2, 11, 5, 9, 7, 8, 1, 4, 3, 10, 6]",[ 2  9  6  4 10  1  5  3 11  7  8  6]
576,12-576,"[0, 2, 11, 5, 9, 7, 8, 4, 3, 10, 1, 6]",[ 2  9  6  4 10  1  8 11  7  3  5  6]
577,12-577L,"[0, 2, 11, 5, 10, 1, 9, 4, 3, 7, 8, 6]",[ 2  9  6  5  3  8  7 11  4  1 10  6]
578,12-578,"[0, 2, 11, 5, 3, 4, 9, 1, 8, 7, 10, 6]",[ 2  9  6 10  1  5  4  7 11  3  8  6]
579,12-579L,"[0, 2, 11, 5, 4, 7, 3, 10, 8, 9, 1, 6]",[ 2  9  6 11  3  8  7 10  1  4  5  6]
580,12-580,"[0, 2, 11, 5, 4, 8, 9, 7, 3, 10, 1, 6]",[ 2  9  6 11  4  1 10  8  7  3  5  6]
581,12-581,"[0, 2, 11, 7, 10, 4, 9, 8, 3, 1, 5, 6]",[ 2  9  8  3  6  5 11  7 10  4  1  6]
582,12-582,"[0, 2, 11, 7, 10, 5, 4, 8, 9, 3, 1, 6]",[ 2  9  8  3  7 11  4  1  6 10  5  6]
583,12-583,"[0, 2, 11, 7, 1, 5, 10, 8, 9, 4, 3, 6]",[ 2  9  8  6  4  5 10  1  7 11  3  6]
584,12-584,"[0, 2, 11, 7, 1, 5, 4, 9, 10, 8, 3, 6]",[ 2  9  8  6  4 11  5  1 10  7  3  6]
585,12-585,"[0, 2, 11, 7, 5, 8, 3, 4, 10, 9, 1, 6]",[ 2  9  8 10  3  7  1  6 11  4  5  6]
586,12-586,"[0, 2, 11, 7, 5, 9, 8, 3, 4, 10, 1, 6]",[ 2  9  8 10  4 11  7  1  6  3  5  6]
587,12-587,"[0, 2, 11, 7, 5, 4, 8, 9, 3, 10, 1, 6]",[ 2  9  8 10 11  4  1  6  7  3  5  6]
588,12-588,"[0, 2, 11, 9, 10, 5, 8, 4, 3, 7, 1, 6]",[ 2  9 10  1  7  3  8 11  4  6  5  6]
589,12-589,"[0, 2, 11, 9, 10, 5, 4, 8, 1, 7, 3, 6]",[ 2  9 10  1  7 11  4  5  6  8  3  6]
590,12-590,"[0, 2, 11, 9, 8, 3, 4, 7, 1, 5, 10, 6]",[ 2  9 10 11  7  1  3  6  4  5  8  6]
591,12-591L,"[0, 2, 11, 9, 8, 3, 7, 1, 4, 5, 10, 6]",[ 2  9 10 11  7  4  6  3  1  5  8  6]
592,12-592,"[0, 2, 11, 10, 1, 8, 4, 9, 3, 7, 5, 6]",[ 2  9 11  3  7  8  5  6  4 10  1  6]
593,12-593S,"[0, 2, 11, 10, 3, 7, 1, 9, 4, 5, 8, 6]",[ 2  9 11  5  4  6  8  7  1  3 10  6]
594,12-594,"[0, 2, 11, 10, 3, 9, 1, 8, 4, 7, 5, 6]",[ 2  9 11  5  6  4  7  8  3 10  1  6]
595,12-595L,"[0, 2, 11, 10, 5, 1, 4, 9, 3, 7, 8, 6]",[ 2  9 11  7  8  3  5  6  4  1 10  6]
596,12-596,"[0, 2, 11, 10, 8, 3, 7, 1, 4, 9, 5, 6]",[ 2  9 11 10  7  4  6  3  5  8  1  6]
597,12-597S,"[0, 2, 1, 4, 9, 5, 11, 3, 10, 7, 8, 6]",[ 2 11  3  5  8  6  4  7  9  1 10  6]
598,12-598,"[0, 2, 1, 4, 9, 7, 8, 5, 11, 3, 10, 6]",[ 2 11  3  5 10  1  9  6  4  7  8  6]
599,12-599S,"[0, 2, 1, 4, 11, 3, 9, 5, 10, 7, 8, 6]",[ 2 11  3  7  4  6  8  5  9  1 10  6]
600,12-600P,"[0, 2, 1, 4, 11, 3, 9, 7, 8, 5, 10, 6]",[ 2 11  3  7  4  6 10  1  9  5  8  6]
601,12-601,"[0, 2, 1, 4, 11, 8, 9, 3, 7, 5, 10, 6]",[ 2 11  3  7  9  1  6  4 10  5  8  6]
602,12-602,"[0, 2, 1, 4, 11, 9, 3, 7, 8, 5, 10, 6]",[ 2 11  3  7 10  6  4  1  9  5  8  6]
603,12-603,"[0, 2, 1, 5, 8, 9, 7, 4, 10, 3, 11, 6]",[ 2 11  4  3  1 10  9  6  5  8  7  6]
604,12-604,"[0, 2, 1, 5, 10, 4, 7, 8, 3, 11, 9, 6]",[ 2 11  4  5  6  3  1  7  8 10  9  6]
605,12-605,"[0, 2, 1, 5, 10, 4, 11, 8, 9, 7, 3, 6]",[ 2 11  4  5  6  7  9  1 10  8  3  6]
606,12-606,"[0, 2, 1, 5, 10, 7, 8, 4, 11, 9, 3, 6]",[ 2 11  4  5  9  1  8  7 10  6  3  6]
607,12-607L,"[0, 2, 1, 5, 11, 4, 7, 3, 10, 8, 9, 6]",[ 2 11  4  6  5  3  8  7 10  1  9  6]
608,12-608,"[0, 2, 1, 5, 11, 7, 10, 8, 3, 4, 9, 6]",[ 2 11  4  6  8  3 10  7  1  5  9  6]
609,12-609,"[0, 2, 1, 5, 11, 7, 4, 9, 10, 8, 3, 6]",[ 2 11  4  6  8  9  5  1 10  7  3  6]
610,12-610,"[0, 2, 1, 5, 11, 8, 3, 4, 9, 7, 10, 6]",[ 2 11  4  6  9  7  1  5 10  3  8  6]
611,12-611,"[0, 2, 1, 7, 10, 3, 11, 9, 4, 8, 5, 6]",[ 2 11  6  3  5  8 10  7  4  9  1  6]
612,12-612L,"[0, 2, 1, 7, 10, 5, 3, 11, 4, 8, 9, 6]",[ 2 11  6  3  7 10  8  5  4  1  9  6]
613,12-613,"[0, 2, 1, 7, 10, 8, 3, 11, 4, 5, 9, 6]",[ 2 11  6  3 10  7  8  5  1  4  9  6]
614,12-614,"[0, 2, 1, 7, 11, 8, 4, 9, 10, 5, 3, 6]",[ 2 11  6  4  9  8  5  1  7 10  3  6]
615,12-615,"[0, 2, 1, 7, 3, 10, 8, 11, 4, 5, 9, 6]",[ 2 11  6  8  7 10  3  5  1  4  9  6]
616,12-616,"[0, 2, 1, 8, 11, 3, 9, 7, 4, 5, 10, 6]",[ 2 11  7  3  4  6 10  9  1  5  8  6]
617,12-617,"[0, 2, 1, 8, 11, 5, 3, 7, 4, 9, 10, 6]",[ 2 11  7  3  6 10  4  9  5  1  8  6]
618,12-618,"[0, 2, 1, 8, 11, 9, 3, 7, 4, 5, 10, 6]",[ 2 11  7  3 10  6  4  9  1  5  8  6]
619,12-619,"[0, 2, 1, 8, 4, 5, 10, 7, 11, 9, 3, 6]",[ 2 11  7  8  1  5  9  4 10  6  3  6]
620,12-620L,"[0, 2, 1, 8, 4, 7, 5, 10, 11, 3, 9, 6]",[ 2 11  7  8  3 10  5  1  4  6  9  6]
621,12-621,"[0, 2, 1, 8, 4, 9, 10, 7, 11, 5, 3, 6]",[ 2 11  7  8  5  1  9  4  6 10  3  6]
622,12-622,"[0, 2, 1, 8, 4, 9, 10, 7, 5, 11, 3, 6]",[ 2 11  7  8  5  1  9 10  6  4  3  6]
623,12-623,"[0, 2, 1, 8, 5, 11, 3, 4, 9, 7, 10, 6]",[ 2 11  7  9  6  4  1  5 10  3  8  6]
624,12-624,"[0, 2, 1, 9, 10, 7, 5, 11, 4, 8, 3, 6]",[ 2 11  8  1  9 10  6  5  4  7  3  6]
625,12-625,"[0, 2, 1, 9, 3, 7, 4, 5, 10, 8, 11, 6]",[ 2 11  8  6  4  9  1  5 10  3  7  6]
626,12-626,"[0, 2, 1, 9, 7, 8, 5, 10, 4, 11, 3, 6]",[ 2 11  8 10  1  9  5  6  7  4  3  6]
627,12-627,"[0, 2, 1, 9, 7, 10, 3, 4, 8, 5, 11, 6]",[ 2 11  8 10  3  5  1  4  9  6  7  6]
628,12-628,"[0, 2, 1, 9, 7, 10, 4, 11, 3, 8, 5, 6]",[ 2 11  8 10  3  6  7  4  5  9  1  6]
629,12-629,"[0, 2, 1, 10, 3, 9, 4, 8, 11, 7, 5, 6]",[ 2 11  9  5  6  7  4  3  8 10  1  6]
630,12-630S,"[0, 2, 1, 10, 3, 11, 5, 9, 4, 7, 8, 6]",[ 2 11  9  5  8  6  4  7  3  1 10  6]
631,12-631,"[0, 2, 1, 10, 4, 9, 5, 3, 7, 8, 11, 6]",[ 2 11  9  6  5  8 10  4  1  3  7  6]
632,12-632S,"[0, 2, 1, 10, 5, 9, 3, 11, 4, 7, 8, 6]",[ 2 11  9  7  4  6  8  5  3  1 10  6]
633,12-633,"[0, 2, 1, 10, 5, 11, 4, 8, 9, 7, 3, 6]",[ 2 11  9  7  6  5  4  1 10  8  3  6]
634,12-634,"[0, 2, 1, 11, 3, 9, 4, 7, 8, 5, 10, 6]",[ 2 11 10  4  6  7  3  1  9  5  8  6]
635,12-635,"[0, 2, 1, 11, 4, 7, 8, 5, 9, 3, 10, 6]",[ 2 11 10  5  3  1  9  4  6  7  8  6]
636,12-636,"[0, 2, 1, 11, 5, 8, 3, 7, 4, 9, 10, 6]",[ 2 11 10  6  3  7  4  9  5  1  8  6]
637,12-637,"[0, 2, 1, 11, 7, 8, 5, 9, 4, 10, 3, 6]",[ 2 11 10  8  1  9  4  7  6  5  3  6]
638,12-638,"[0, 2, 1, 11, 7, 10, 3, 9, 4, 8, 5, 6]",[ 2 11 10  8  3  5  6  7  4  9  1  6]
639,12-639,"[0, 2, 1, 11, 8, 3, 7, 10, 4, 9, 5, 6]",[ 2 11 10  9  7  4  3  6  5  8  1  6]
640,12-640,"[0, 2, 1, 11, 8, 4, 9, 3, 7, 10, 5, 6]",[ 2 11 10  9  8  5  6  4  3  7  1  6]
641,12-641L,"[0, 3, 4, 8, 10, 9, 5, 2, 7, 1, 11, 6]",[ 3  1  4  2 11  8  9  5  6 10  7  6]
642,12-642L,"[0, 3, 4, 8, 10, 9, 7, 2, 11, 5, 1, 6]",[ 3  1  4  2 11 10  7  9  6  8  5  6]
643,12-643,"[0, 3, 4, 8, 1, 7, 5, 2, 9, 11, 10, 6]",[ 3  1  4  5  6 10  9  7  2 11  8  6]
644,12-644,"[0, 3, 4, 8, 1, 7, 5, 2, 10, 9, 11, 6]",[ 3  1  4  5  6 10  9  8 11  2  7  6]
645,12-645,"[0, 3, 4, 8, 2, 7, 5, 1, 10, 9, 11, 6]",[ 3  1  4  6  5 10  8  9 11  2  7  6]
646,12-646,"[0, 3, 4, 8, 2, 9, 11, 10, 7, 5, 1, 6]",[ 3  1  4  6  7  2 11  9 10  8  5  6]
647,12-647L,"[0, 3, 4, 9, 11, 5, 1, 10, 8, 7, 2, 6]",[ 3  1  5  2  6  8  9 10 11  7  4  6]
648,12-648,"[0, 3, 4, 9, 11, 10, 7, 5, 1, 8, 2, 6]",[ 3  1  5  2 11  9 10  8  7  6  4  6]
649,12-649,"[0, 3, 4, 9, 11, 10, 8, 5, 1, 7, 2, 6]",[ 3  1  5  2 11 10  9  8  6  7  4  6]
650,12-650P,"[0, 3, 4, 9, 7, 11, 5, 2, 1, 8, 10, 6]",[ 3  1  5 10  4  6  9 11  7  2  8  6]
651,12-651,"[0, 3, 4, 9, 7, 2, 1, 5, 11, 8, 10, 6]",[ 3  1  5 10  7 11  4  6  9  2  8  6]
652,12-652,"[0, 3, 4, 10, 2, 7, 9, 8, 5, 1, 11, 6]",[ 3  1  6  4  5  2 11  9  8 10  7  6]
653,12-653,"[0, 3, 4, 10, 2, 9, 11, 8, 7, 5, 1, 6]",[ 3  1  6  4  7  2  9 11 10  8  5  6]
654,12-654,"[0, 3, 4, 10, 5, 1, 11, 8, 7, 9, 2, 6]",[ 3  1  6  7  8 10  9 11  2  5  4  6]
655,12-655,"[0, 3, 4, 10, 8, 5, 9, 11, 7, 2, 1, 6]",[ 3  1  6 10  9  4  2  8  7 11  5  6]
656,12-656,"[0, 3, 4, 11, 5, 1, 10, 8, 7, 9, 2, 6]",[ 3  1  7  6  8  9 10 11  2  5  4  6]
657,12-657,"[0, 3, 4, 11, 5, 2, 10, 8, 7, 9, 1, 6]",[ 3  1  7  6  9  8 10 11  2  4  5  6]
658,12-658,"[0, 3, 4, 11, 10, 8, 5, 7, 1, 9, 2, 6]",[ 3  1  7 11 10  9  2  6  8  5  4  6]
659,12-659,"[0, 3, 4, 1, 8, 2, 7, 5, 9, 11, 10, 6]",[ 3  1  9  7  6  5 10  4  2 11  8  6]
660,12-660L,"[0, 3, 4, 1, 9, 11, 5, 10, 8, 7, 2, 6]",[ 3  1  9  8  2  6  5 10 11  7  4  6]
661,12-661,"[0, 3, 4, 1, 9, 8, 10, 2, 7, 5, 11, 6]",[ 3  1  9  8 11  2  4  5 10  6  7  6]
662,12-662,"[0, 3, 4, 2, 7, 9, 1, 8, 5, 11, 10, 6]",[ 3  1 10  5  2  4  7  9  6 11  8  6]
663,12-663S,"[0, 3, 4, 2, 7, 11, 5, 1, 8, 10, 9, 6]",[ 3  1 10  5  4  6  8  7  2 11  9  6]
664,12-664,"[0, 3, 4, 2, 7, 1, 8, 5, 9, 11, 10, 6]",[ 3  1 10  5  6  7  9  4  2 11  8  6]
665,12-665,"[0, 3, 4, 2, 8, 1, 10, 9, 5, 7, 11, 6]",[ 3  1 10  6  5  9 11  8  2  4  7  6]
666,12-666,"[0, 3, 4, 2, 9, 11, 8, 7, 1, 5, 10, 6]",[ 3  1 10  7  2  9 11  6  4  5  8  6]
667,12-667,"[0, 3, 4, 2, 9, 8, 10, 7, 11, 5, 1, 6]",[ 3  1 10  7 11  2  9  4  6  8  5  6]
668,12-668,"[0, 3, 4, 2, 10, 5, 9, 11, 8, 7, 1, 6]",[ 3  1 10  8  7  4  2  9 11  6  5  6]
669,12-669P,"[0, 3, 4, 2, 10, 5, 11, 8, 7, 9, 1, 6]",[ 3  1 10  8  7  6  9 11  2  4  5  6]
670,12-670,"[0, 3, 4, 2, 10, 7, 9, 8, 1, 5, 11, 6]",[ 3  1 10  8  9  2 11  5  4  6  7  6]
671,12-671,"[0, 3, 5, 9, 4, 2, 10, 11, 8, 7, 1, 6]",[ 3  2  4  7 10  8  1  9 11  6  5  6]
672,12-672P,"[0, 3, 5, 9, 8, 1, 7, 4, 2, 10, 11, 6]",[ 3  2  4 11  5  6  9 10  8  1  7  6]
673,12-673,"[0, 3, 5, 9, 8, 4, 2, 7, 1, 10, 11, 6]",[ 3  2  4 11  8 10  5  6  9  1  7  6]
674,12-674,"[0, 3, 5, 10, 11, 8, 7, 1, 9, 4, 2, 6]",[ 3  2  5  1  9 11  6  8  7 10  4  6]
675,12-675,"[0, 3, 5, 10, 11, 9, 8, 4, 1, 7, 2, 6]",[ 3  2  5  1 10 11  8  9  6  7  4  6]
676,12-676L,"[0, 3, 5, 10, 9, 4, 1, 11, 7, 8, 2, 6]",[ 3  2  5 11  7  9 10  8  1  6  4  6]
677,12-677,"[0, 3, 5, 11, 4, 8, 9, 7, 2, 1, 10, 6]",[ 3  2  6  5  4  1 10  7 11  9  8  6]
678,12-678L,"[0, 3, 5, 11, 4, 1, 9, 10, 8, 7, 2, 6]",[ 3  2  6  5  9  8  1 10 11  7  4  6]
679,12-679,"[0, 3, 5, 11, 7, 8, 1, 10, 9, 4, 2, 6]",[ 3  2  6  8  1  5  9 11  7 10  4  6]
680,12-680,"[0, 3, 5, 11, 10, 2, 9, 7, 8, 4, 1, 6]",[ 3  2  6 11  4  7 10  1  8  9  5  6]
681,12-681,"[0, 3, 5, 11, 10, 7, 8, 1, 9, 4, 2, 6]",[ 3  2  6 11  9  1  5  8  7 10  4  6]
682,12-682,"[0, 3, 5, 11, 10, 7, 8, 4, 2, 9, 1, 6]",[ 3  2  6 11  9  1  8 10  7  4  5  6]
683,12-683,"[0, 3, 5, 1, 7, 4, 11, 10, 8, 9, 2, 6]",[ 3  2  8  6  9  7 11 10  1  5  4  6]
684,12-684,"[0, 3, 5, 2, 7, 8, 4, 10, 9, 1, 11, 6]",[ 3  2  9  5  1  8  6 11  4 10  7  6]
685,12-685,"[0, 3, 5, 2, 10, 11, 9, 4, 8, 7, 1, 6]",[ 3  2  9  8  1 10  7  4 11  6  5  6]
686,12-686L,"[0, 3, 5, 2, 1, 8, 9, 7, 11, 4, 10, 6]",[ 3  2  9 11  7  1 10  4  5  6  8  6]
687,12-687,"[0, 3, 5, 4, 8, 9, 2, 10, 7, 1, 11, 6]",[ 3  2 11  4  1  5  8  9  6 10  7  6]
688,12-688S,"[0, 3, 5, 4, 8, 1, 7, 2, 10, 11, 9, 6]",[ 3  2 11  4  5  6  7  8  1 10  9  6]
689,12-689,"[0, 3, 5, 4, 8, 1, 7, 2, 11, 9, 10, 6]",[ 3  2 11  4  5  6  7  9 10  1  8  6]
690,12-690P,"[0, 3, 5, 4, 11, 7, 1, 10, 8, 9, 2, 6]",[ 3  2 11  7  8  6  9 10  1  5  4  6]
691,12-691,"[0, 3, 5, 4, 1, 8, 2, 7, 11, 9, 10, 6]",[ 3  2 11  9  7  6  5  4 10  1  8  6]
692,12-692,"[0, 3, 5, 4, 1, 9, 10, 8, 2, 7, 11, 6]",[ 3  2 11  9  8  1 10  6  5  4  7  6]
693,12-693,"[0, 3, 5, 4, 2, 8, 1, 9, 10, 7, 11, 6]",[ 3  2 11 10  6  5  8  1  9  4  7  6]
694,12-694,"[0, 3, 7, 8, 10, 4, 9, 5, 2, 1, 11, 6]",[ 3  4  1  2  6  5  8  9 11 10  7  6]
695,12-695,"[0, 3, 7, 8, 10, 4, 11, 9, 5, 2, 1, 6]",[ 3  4  1  2  6  7 10  8  9 11  5  6]
696,12-696S,"[0, 3, 7, 8, 10, 5, 11, 4, 2, 1, 9, 6]",[ 3  4  1  2  7  6  5 10 11  8  9  6]
697,12-697,"[0, 3, 7, 8, 10, 9, 4, 2, 11, 5, 1, 6]",[ 3  4  1  2 11  7 10  9  6  8  5  6]
698,12-698P,"[0, 3, 7, 8, 1, 11, 5, 2, 10, 9, 4, 6]",[ 3  4  1  5 10  6  9  8 11  7  2  6]
699,12-699,"[0, 3, 7, 8, 5, 10, 4, 2, 1, 9, 11, 6]",[ 3  4  1  9  5  6 10 11  8  2  7  6]
700,12-700P,"[0, 3, 7, 9, 10, 5, 11, 8, 4, 2, 1, 6]",[ 3  4  2  1  7  6  9  8 10 11  5  6]
701,12-701,"[0, 3, 7, 9, 10, 8, 4, 11, 5, 2, 1, 6]",[ 3  4  2  1 10  8  7  6  9 11  5  6]
702,12-702,"[0, 3, 7, 9, 2, 8, 4, 1, 11, 10, 5, 6]",[ 3  4  2  5  6  8  9 10 11  7  1  6]
703,12-703,"[0, 3, 7, 9, 2, 1, 10, 8, 4, 5, 11, 6]",[ 3  4  2  5 11  9 10  8  1  6  7  6]
704,12-704,"[0, 3, 7, 9, 2, 1, 11, 8, 4, 10, 5, 6]",[ 3  4  2  5 11 10  9  8  6  7  1  6]
705,12-705,"[0, 3, 7, 9, 4, 5, 2, 8, 1, 11, 10, 6]",[ 3  4  2  7  1  9  6  5 10 11  8  6]
706,12-706,"[0, 3, 7, 9, 5, 4, 10, 8, 1, 2, 11, 6]",[ 3  4  2  8 11  6 10  5  1  9  7  6]
707,12-707,"[0, 3, 7, 9, 5, 4, 2, 8, 1, 10, 11, 6]",[ 3  4  2  8 11 10  6  5  9  1  7  6]
708,12-708,"[0, 3, 7, 1, 9, 2, 4, 11, 10, 8, 5, 6]",[ 3  4  6  8  5  2  7 11 10  9  1  6]
709,12-709,"[0, 3, 7, 1, 11, 4, 5, 2, 9, 8, 10, 6]",[ 3  4  6 10  5  1  9  7 11  2  8  6]
710,12-710,"[0, 3, 7, 1, 11, 8, 9, 2, 10, 5, 4, 6]",[ 3  4  6 10  9  1  5  8  7 11  2  6]
711,12-711,"[0, 3, 7, 2, 4, 5, 11, 9, 8, 1, 10, 6]",[ 3  4  7  2  1  6 10 11  5  9  8  6]
712,12-712S,"[0, 3, 7, 2, 4, 5, 11, 10, 8, 1, 9, 6]",[ 3  4  7  2  1  6 11 10  5  8  9  6]
713,12-713L,"[0, 3, 7, 2, 8, 1, 10, 11, 9, 5, 4, 6]",[ 3  4  7  6  5  9  1 10  8 11  2  6]
714,12-714,"[0, 3, 7, 2, 10, 8, 9, 11, 5, 4, 1, 6]",[ 3  4  7  8 10  1  2  6 11  9  5  6]
715,12-715,"[0, 3, 7, 2, 1, 9, 10, 8, 5, 11, 4, 6]",[ 3  4  7 11  8  1 10  9  6  5  2  6]
716,12-716,"[0, 3, 7, 2, 1, 9, 11, 4, 10, 8, 5, 6]",[ 3  4  7 11  8  2  5  6 10  9  1  6]
717,12-717,"[0, 3, 7, 2, 1, 10, 8, 9, 5, 11, 4, 6]",[ 3  4  7 11  9 10  1  8  6  5  2  6]
718,12-718,"[0, 3, 7, 2, 1, 11, 8, 10, 4, 9, 5, 6]",[ 3  4  7 11 10  9  2  6  5  8  1  6]
719,12-719,"[0, 3, 7, 4, 5, 10, 8, 2, 1, 9, 11, 6]",[ 3  4  9  1  5 10  6 11  8  2  7  6]
720,12-720,"[0, 3, 7, 4, 5, 11, 9, 2, 1, 8, 10, 6]",[ 3  4  9  1  6 10  5 11  7  2  8  6]
721,12-721,"[0, 3, 7, 4, 2, 8, 1, 9, 11, 10, 5, 6]",[ 3  4  9 10  6  5  8  2 11  7  1  6]
722,12-722,"[0, 3, 7, 4, 2, 9, 8, 10, 11, 5, 1, 6]",[ 3  4  9 10  7 11  2  1  6  8  5  6]
723,12-723,"[0, 3, 7, 4, 2, 1, 8, 9, 11, 5, 10, 6]",[ 3  4  9 10 11  7  1  2  6  5  8  6]
724,12-724,"[0, 3, 7, 5, 10, 11, 8, 2, 1, 9, 4, 6]",[ 3  4 10  5  1  9  6 11  8  7  2  6]
725,12-725,"[0, 3, 7, 5, 11, 4, 1, 2, 9, 8, 10, 6]",[ 3  4 10  6  5  9  1  7 11  2  8  6]
726,12-726,"[0, 3, 7, 5, 11, 8, 1, 2, 10, 9, 4, 6]",[ 3  4 10  6  9  5  1  8 11  7  2  6]
727,12-727,"[0, 3, 7, 5, 2, 1, 8, 9, 11, 4, 10, 6]",[ 3  4 10  9 11  7  1  2  5  6  8  6]
728,12-728,"[0, 3, 9, 1, 2, 4, 11, 8, 7, 5, 10, 6]",[ 3  6  4  1  2  7  9 11 10  5  8  6]
729,12-729,"[0, 3, 9, 1, 2, 7, 5, 4, 11, 8, 10, 6]",[ 3  6  4  1  5 10 11  7  9  2  8  6]
730,12-730,"[0, 3, 9, 1, 8, 7, 5, 2, 10, 11, 4, 6]",[ 3  6  4  7 11 10  9  8  1  5  2  6]
731,12-731,"[0, 3, 9, 1, 11, 8, 7, 2, 4, 5, 10, 6]",[ 3  6  4 10  9 11  7  2  1  5  8  6]
732,12-732,"[0, 3, 9, 1, 11, 10, 5, 2, 7, 8, 4, 6]",[ 3  6  4 10 11  7  9  5  1  8  2  6]
733,12-733,"[0, 3, 9, 4, 5, 2, 10, 8, 7, 11, 1, 6]",[ 3  6  7  1  9  8 10 11  4  2  5  6]
734,12-734L,"[0, 3, 9, 4, 8, 10, 11, 7, 5, 2, 1, 6]",[ 3  6  7  4  2  1  8 10  9 11  5  6]
735,12-735,"[0, 3, 9, 4, 8, 7, 5, 2, 10, 11, 1, 6]",[ 3  6  7  4 11 10  9  8  1  2  5  6]
736,12-736,"[0, 3, 10, 11, 9, 5, 7, 4, 8, 2, 1, 6]",[ 3  7  1 10  8  2  9  4  6 11  5  6]
737,12-737,"[0, 3, 10, 11, 9, 5, 2, 4, 8, 7, 1, 6]",[ 3  7  1 10  8  9  2  4 11  6  5  6]
738,12-738,"[0, 3, 10, 2, 7, 1, 11, 8, 9, 5, 4, 6]",[ 3  7  4  5  6 10  9  1  8 11  2  6]
739,12-739,"[0, 3, 10, 2, 11, 9, 8, 4, 5, 7, 1, 6]",[ 3  7  4  9 10 11  8  1  2  6  5  6]
740,12-740,"[0, 3, 10, 2, 1, 9, 7, 8, 5, 11, 4, 6]",[ 3  7  4 11  8 10  1  9  6  5  2  6]
741,12-741L,"[0, 3, 10, 4, 8, 9, 11, 7, 5, 2, 1, 6]",[ 3  7  6  4  1  2  8 10  9 11  5  6]
742,12-742,"[0, 3, 10, 4, 9, 11, 8, 7, 5, 1, 2, 6]",[ 3  7  6  5  2  9 11 10  8  1  4  6]
743,12-743,"[0, 3, 10, 4, 2, 7, 11, 1, 9, 8, 5, 6]",[ 3  7  6 10  5  4  2  8 11  9  1  6]
744,12-744,"[0, 3, 10, 4, 2, 11, 7, 9, 8, 1, 5, 6]",[ 3  7  6 10  9  8  2 11  5  4  1  6]
745,12-745,"[0, 3, 10, 7, 8, 1, 9, 11, 5, 4, 2, 6]",[ 3  7  9  1  5  8  2  6 11 10  4  6]
746,12-746,"[0, 3, 10, 8, 9, 2, 11, 7, 1, 5, 4, 6]",[ 3  7 10  1  5  9  8  6  4 11  2  6]
747,12-747,"[0, 3, 10, 8, 9, 2, 1, 5, 11, 7, 4, 6]",[ 3  7 10  1  5 11  4  6  8  9  2  6]
748,12-748,"[0, 3, 10, 8, 9, 5, 2, 1, 7, 11, 4, 6]",[ 3  7 10  1  8  9 11  6  4  5  2  6]
749,12-749,"[0, 3, 10, 8, 7, 9, 5, 11, 4, 1, 2, 6]",[ 3  7 10 11  2  8  6  5  9  1  4  6]
750,12-750S,"[0, 3, 10, 8, 7, 11, 5, 1, 2, 4, 9, 6]",[ 3  7 10 11  4  6  8  1  2  5  9  6]
751,12-751,"[0, 3, 10, 8, 7, 1, 9, 11, 4, 5, 2, 6]",[ 3  7 10 11  6  8  2  5  1  9  4  6]
752,12-752,"[0, 3, 10, 8, 7, 4, 9, 11, 5, 1, 2, 6]",[ 3  7 10 11  9  5  2  6  8  1  4  6]
753,12-753,"[0, 3, 10, 9, 11, 7, 4, 2, 8, 1, 5, 6]",[ 3  7 11  2  8  9 10  6  5  4  1  6]
754,12-754,"[0, 3, 10, 9, 11, 8, 4, 2, 7, 1, 5, 6]",[ 3  7 11  2  9  8 10  5  6  4  1  6]
755,12-755,"[0, 3, 10, 9, 1, 2, 7, 5, 11, 8, 4, 6]",[ 3  7 11  4  1  5 10  6  9  8  2  6]
756,12-756P,"[0, 3, 10, 9, 1, 11, 5, 2, 7, 8, 4, 6]",[ 3  7 11  4 10  6  9  5  1  8  2  6]
757,12-757,"[0, 4, 5, 7, 10, 3, 1, 9, 8, 2, 11, 6]",[ 4  1  2  3  5 10  8 11  6  9  7  6]
758,12-758,"[0, 4, 5, 7, 10, 8, 1, 9, 3, 2, 11, 6]",[ 4  1  2  3 10  5  8  6 11  9  7  6]
759,12-759,"[0, 4, 5, 7, 1, 9, 2, 11, 10, 8, 3, 6]",[ 4  1  2  6  8  5  9 11 10  7  3  6]
760,12-760,"[0, 4, 5, 7, 3, 9, 2, 1, 10, 8, 11, 6]",[ 4  1  2  8  6  5 11  9 10  3  7  6]
761,12-761,"[0, 4, 5, 8, 10, 7, 3, 9, 2, 1, 11, 6]",[ 4  1  3  2  9  8  6  5 11 10  7  6]
762,12-762S,"[0, 4, 5, 8, 1, 3, 9, 7, 2, 11, 10, 6]",[ 4  1  3  5  2  6 10  7  9 11  8  6]
763,12-763,"[0, 4, 5, 8, 2, 7, 3, 1, 10, 9, 11, 6]",[ 4  1  3  6  5  8 10  9 11  2  7  6]
764,12-764,"[0, 4, 5, 8, 2, 9, 11, 10, 7, 3, 1, 6]",[ 4  1  3  6  7  2 11  9  8 10  5  6]
765,12-765,"[0, 4, 5, 11, 7, 9, 2, 1, 10, 8, 3, 6]",[ 4  1  6  8  2  5 11  9 10  7  3  6]
766,12-766,"[0, 4, 5, 11, 8, 1, 3, 2, 9, 7, 10, 6]",[ 4  1  6  9  5  2 11  7 10  3  8  6]
767,12-767,"[0, 4, 5, 11, 9, 2, 1, 8, 10, 7, 3, 6]",[ 4  1  6 10  5 11  7  2  9  8  3  6]
768,12-768,"[0, 4, 5, 1, 7, 2, 11, 9, 8, 10, 3, 6]",[ 4  1  8  6  7  9 10 11  2  5  3  6]
769,12-769,"[0, 4, 5, 1, 11, 10, 7, 9, 2, 8, 3, 6]",[ 4  1  8 10 11  9  2  5  6  7  3  6]
770,12-770S,"[0, 4, 5, 2, 7, 9, 3, 1, 8, 11, 10, 6]",[ 4  1  9  5  2  6 10  7  3 11  8  6]
771,12-771,"[0, 4, 5, 2, 7, 1, 9, 11, 10, 8, 3, 6]",[ 4  1  9  5  6  8  2 11 10  7  3  6]
772,12-772,"[0, 4, 5, 2, 7, 3, 9, 8, 10, 1, 11, 6]",[ 4  1  9  5  8  6 11  2  3 10  7  6]
773,12-773,"[0, 4, 5, 2, 8, 7, 10, 3, 1, 9, 11, 6]",[ 4  1  9  6 11  3  5 10  8  2  7  6]
774,12-774,"[0, 4, 5, 2, 9, 11, 10, 8, 1, 7, 3, 6]",[ 4  1  9  7  2 11 10  5  6  8  3  6]
775,12-775,"[0, 4, 5, 3, 9, 2, 11, 1, 8, 7, 10, 6]",[ 4  1 10  6  5  9  2  7 11  3  8  6]
776,12-776,"[0, 4, 5, 3, 11, 2, 9, 8, 10, 7, 1, 6]",[ 4  1 10  8  3  7 11  2  9  6  5  6]
777,12-777P,"[0, 4, 7, 8, 10, 3, 9, 5, 2, 1, 11, 6]",[ 4  3  1  2  5  6  8  9 11 10  7  6]
778,12-778S,"[0, 4, 7, 8, 3, 5, 11, 9, 2, 1, 10, 6]",[ 4  3  1  7  2  6 10  5 11  9  8  6]
779,12-779,"[0, 4, 7, 8, 5, 11, 9, 2, 1, 3, 10, 6]",[ 4  3  1  9  6 10  5 11  2  7  8  6]
780,12-780,"[0, 4, 7, 9, 10, 3, 2, 8, 5, 1, 11, 6]",[ 4  3  2  1  5 11  6  9  8 10  7  6]
781,12-781,"[0, 4, 7, 9, 10, 5, 3, 11, 8, 2, 1, 6]",[ 4  3  2  1  7 10  8  9  6 11  5  6]
782,12-782,"[0, 4, 7, 9, 10, 8, 3, 11, 5, 2, 1, 6]",[ 4  3  2  1 10  7  8  6  9 11  5  6]
783,12-783,"[0, 4, 7, 9, 10, 8, 3, 2, 11, 5, 1, 6]",[ 4  3  2  1 10  7 11  9  6  8  5  6]
784,12-784L,"[0, 4, 7, 9, 5, 3, 8, 2, 1, 10, 11, 6]",[ 4  3  2  8 10  5  6 11  9  1  7  6]
785,12-785,"[0, 4, 7, 9, 5, 3, 10, 11, 8, 2, 1, 6]",[ 4  3  2  8 10  7  1  9  6 11  5  6]
786,12-786L,"[0, 4, 7, 9, 5, 3, 2, 8, 1, 10, 11, 6]",[ 4  3  2  8 10 11  6  5  9  1  7  6]
787,12-787,"[0, 4, 7, 9, 8, 1, 2, 11, 5, 3, 10, 6]",[ 4  3  2 11  5  1  9  6 10  7  8  6]
788,12-788,"[0, 4, 7, 9, 8, 1, 11, 5, 2, 3, 10, 6]",[ 4  3  2 11  5 10  6  9  1  7  8  6]
789,12-789,"[0, 4, 7, 9, 8, 3, 1, 2, 11, 5, 10, 6]",[ 4  3  2 11  7 10  1  9  6  5  8  6]
790,12-790,"[0, 4, 7, 1, 8, 10, 3, 2, 11, 9, 5, 6]",[ 4  3  6  7  2  5 11  9 10  8  1  6]
791,12-791,"[0, 4, 7, 1, 9, 2, 11, 10, 8, 3, 5, 6]",[ 4  3  6  8  5  9 11 10  7  2  1  6]
792,12-792,"[0, 4, 7, 1, 11, 8, 10, 3, 2, 9, 5, 6]",[ 4  3  6 10  9  2  5 11  7  8  1  6]
793,12-793S,"[0, 4, 7, 2, 3, 5, 11, 9, 8, 1, 10, 6]",[ 4  3  7  1  2  6 10 11  5  9  8  6]
794,12-794,"[0, 4, 7, 2, 11, 10, 8, 1, 3, 9, 5, 6]",[ 4  3  7  9 11 10  5  2  6  8  1  6]
795,12-795,"[0, 4, 7, 2, 1, 3, 8, 5, 11, 9, 10, 6]",[ 4  3  7 11  2  5  9  6 10  1  8  6]
796,12-796,"[0, 4, 7, 2, 1, 11, 8, 10, 3, 9, 5, 6]",[ 4  3  7 11 10  9  2  5  6  8  1  6]
797,12-797,"[0, 4, 7, 3, 9, 2, 1, 11, 8, 10, 5, 6]",[ 4  3  8  6  5 11 10  9  2  7  1  6]
798,12-798,"[0, 4, 7, 3, 10, 8, 9, 11, 5, 2, 1, 6]",[ 4  3  8  7 10  1  2  6  9 11  5  6]
799,12-799,"[0, 4, 7, 3, 1, 2, 8, 5, 10, 9, 11, 6]",[ 4  3  8 10  1  6  9  5 11  2  7  6]
800,12-800,"[0, 4, 7, 5, 11, 8, 9, 2, 1, 3, 10, 6]",[ 4  3 10  6  9  1  5 11  2  7  8  6]
801,12-801,"[0, 4, 7, 5, 11, 8, 1, 3, 2, 9, 10, 6]",[ 4  3 10  6  9  5  2 11  7  1  8  6]
802,12-802L,"[0, 4, 7, 5, 2, 1, 9, 3, 8, 10, 11, 6]",[ 4  3 10  9 11  8  6  5  2  1  7  6]
803,12-803,"[0, 4, 9, 10, 7, 3, 5, 8, 2, 1, 11, 6]",[ 4  5  1  9  8  2  3  6 11 10  7  6]
804,12-804,"[0, 4, 9, 10, 7, 5, 8, 2, 1, 3, 11, 6]",[ 4  5  1  9 10  3  6 11  2  8  7  6]
805,12-805P,"[0, 4, 9, 10, 8, 5, 11, 7, 2, 1, 3, 6]",[ 4  5  1 10  9  6  8  7 11  2  3  6]
806,12-806,"[0, 4, 9, 10, 8, 7, 2, 11, 5, 1, 3, 6]",[ 4  5  1 10 11  7  9  6  8  2  3  6]
807,12-807L,"[0, 4, 9, 11, 2, 8, 7, 3, 1, 10, 5, 6]",[ 4  5  2  3  6 11  8 10  9  7  1  6]
808,12-808P,"[0, 4, 9, 11, 2, 1, 7, 3, 10, 8, 5, 6]",[ 4  5  2  3 11  6  8  7 10  9  1  6]
809,12-809L,"[0, 4, 9, 11, 5, 1, 10, 8, 7, 2, 3, 6]",[ 4  5  2  6  8  9 10 11  7  1  3  6]
810,12-810,"[0, 4, 9, 11, 5, 2, 3, 1, 8, 7, 10, 6]",[ 4  5  2  6  9  1 10  7 11  3  8  6]
811,12-811,"[0, 4, 9, 11, 7, 8, 2, 1, 10, 5, 3, 6]",[ 4  5  2  8  1  6 11  9  7 10  3  6]
812,12-812,"[0, 4, 9, 11, 7, 1, 10, 8, 3, 2, 5, 6]",[ 4  5  2  8  6  9 10  7 11  3  1  6]
813,12-813,"[0, 4, 9, 11, 8, 3, 2, 10, 1, 7, 5, 6]",[ 4  5  2  9  7 11  8  3  6 10  1  6]
814,12-814,"[0, 4, 9, 11, 10, 7, 5, 1, 2, 8, 3, 6]",[ 4  5  2 11  9 10  8  1  6  7  3  6]
815,12-815,"[0, 4, 9, 11, 10, 8, 5, 1, 7, 2, 3, 6]",[ 4  5  2 11 10  9  8  6  7  1  3  6]
816,12-816,"[0, 4, 9, 3, 11, 1, 10, 8, 7, 2, 5, 6]",[ 4  5  6  8  2  9 10 11  7  3  1  6]
817,12-817,"[0, 4, 9, 3, 11, 2, 1, 8, 10, 7, 5, 6]",[ 4  5  6  8  3 11  7  2  9 10  1  6]
818,12-818S,"[0, 4, 9, 7, 8, 11, 5, 2, 1, 3, 10, 6]",[ 4  5 10  1  3  6  9 11  2  7  8  6]
819,12-819,"[0, 4, 9, 7, 8, 2, 11, 10, 5, 1, 3, 6]",[ 4  5 10  1  6  9 11  7  8  2  3  6]
820,12-820,"[0, 4, 9, 7, 3, 5, 8, 2, 1, 10, 11, 6]",[ 4  5 10  8  2  3  6 11  9  1  7  6]
821,12-821,"[0, 4, 9, 8, 10, 1, 7, 5, 2, 3, 11, 6]",[ 4  5 11  2  3  6 10  9  1  8  7  6]
822,12-822,"[0, 4, 9, 8, 10, 7, 3, 1, 2, 5, 11, 6]",[ 4  5 11  2  9  8 10  1  3  6  7  6]
823,12-823S,"[0, 4, 9, 8, 11, 1, 7, 5, 2, 3, 10, 6]",[ 4  5 11  3  2  6 10  9  1  7  8  6]
824,12-824S,"[0, 4, 9, 8, 5, 7, 1, 11, 2, 3, 10, 6]",[ 4  5 11  9  2  6 10  3  1  7  8  6]
825,12-825,"[0, 4, 10, 3, 5, 2, 1, 9, 7, 8, 11, 6]",[ 4  6  5  2  9 11  8 10  1  3  7  6]
826,12-826,"[0, 4, 10, 3, 1, 9, 11, 8, 7, 2, 5, 6]",[ 4  6  5 10  8  2  9 11  7  3  1  6]
827,12-827L,"[0, 4, 10, 5, 8, 9, 7, 3, 2, 11, 1, 6]",[ 4  6  7  3  1 10  8 11  9  2  5  6]
828,12-828L,"[0, 4, 10, 5, 1, 11, 8, 7, 9, 2, 3, 6]",[ 4  6  7  8 10  9 11  2  5  1  3  6]
829,12-829L,"[0, 4, 10, 7, 9, 8, 1, 2, 5, 3, 11, 6]",[ 4  6  9  2 11  5  1  3 10  8  7  6]
830,12-830,"[0, 4, 10, 7, 2, 1, 3, 8, 11, 9, 5, 6]",[ 4  6  9  7 11  2  5  3 10  8  1  6]
831,12-831L,"[0, 4, 10, 7, 3, 5, 8, 9, 2, 1, 11, 6]",[ 4  6  9  8  2  3  1  5 11 10  7  6]
832,12-832L,"[0, 4, 10, 7, 5, 8, 9, 2, 1, 3, 11, 6]",[ 4  6  9 10  3  1  5 11  2  8  7  6]
833,12-833,"[0, 4, 10, 9, 11, 2, 7, 3, 1, 8, 5, 6]",[ 4  6 11  2  3  5  8 10  7  9  1  6]
834,12-834,"[0, 4, 10, 9, 7, 3, 5, 8, 1, 2, 11, 6]",[ 4  6 11 10  8  2  3  5  1  9  7  6]
835,12-835,"[0, 4, 11, 1, 2, 8, 5, 10, 9, 7, 3, 6]",[ 4  7  2  1  6  9  5 11 10  8  3  6]
836,12-836,"[0, 4, 11, 1, 9, 3, 2, 7, 10, 8, 5, 6]",[ 4  7  2  8  6 11  5  3 10  9  1  6]
837,12-837,"[0, 4, 11, 1, 9, 7, 10, 3, 2, 8, 5, 6]",[ 4  7  2  8 10  3  5 11  6  9  1  6]
838,12-838,"[0, 4, 11, 1, 10, 8, 7, 3, 9, 2, 5, 6]",[ 4  7  2  9 10 11  8  6  5  3  1  6]
839,12-839,"[0, 4, 11, 2, 3, 9, 8, 10, 7, 5, 1, 6]",[ 4  7  3  1  6 11  2  9 10  8  5  6]
840,12-840,"[0, 4, 11, 2, 8, 1, 10, 9, 7, 3, 5, 6]",[ 4  7  3  6  5  9 11 10  8  2  1  6]
841,12-841S,"[0, 4, 11, 2, 1, 3, 9, 7, 8, 5, 10, 6]",[ 4  7  3 11  2  6 10  1  9  5  8  6]
842,12-842,"[0, 4, 11, 2, 1, 9, 3, 8, 10, 7, 5, 6]",[ 4  7  3 11  8  6  5  2  9 10  1  6]
843,12-843,"[0, 4, 11, 5, 1, 10, 8, 7, 9, 2, 3, 6]",[ 4  7  6  8  9 10 11  2  5  1  3  6]
844,12-844,"[0, 4, 11, 5, 2, 10, 9, 7, 8, 1, 3, 6]",[ 4  7  6  9  8 11 10  1  5  2  3  6]
845,12-845L,"[0, 4, 11, 5, 2, 1, 3, 8, 9, 7, 10, 6]",[ 4  7  6  9 11  2  5  1 10  3  8  6]
846,12-846,"[0, 4, 11, 5, 2, 1, 9, 7, 8, 10, 3, 6]",[ 4  7  6  9 11  8 10  1  2  5  3  6]
847,12-847,"[0, 4, 11, 7, 5, 2, 3, 9, 8, 10, 1, 6]",[ 4  7  8 10  9  1  6 11  2  3  5  6]
848,12-848,"[0, 4, 11, 8, 10, 1, 9, 3, 2, 7, 5, 6]",[ 4  7  9  2  3  8  6 11  5 10  1  6]
849,12-849,"[0, 4, 11, 8, 2, 1, 9, 7, 10, 3, 5, 6]",[ 4  7  9  6 11  8 10  3  5  2  1  6]
850,12-850S,"[0, 4, 11, 8, 7, 9, 3, 1, 2, 5, 10, 6]",[ 4  7  9 11  2  6 10  1  3  5  8  6]
851,12-851,"[0, 4, 11, 9, 10, 7, 3, 5, 8, 2, 1, 6]",[ 4  7 10  1  9  8  2  3  6 11  5  6]
852,12-852,"[0, 4, 11, 9, 5, 7, 8, 2, 1, 10, 3, 6]",[ 4  7 10  8  2  1  6 11  9  5  3  6]
853,12-853,"[0, 4, 11, 9, 5, 10, 7, 8, 2, 1, 3, 6]",[ 4  7 10  8  5  9  1  6 11  2  3  6]
854,12-854,"[0, 4, 11, 10, 8, 5, 7, 1, 9, 2, 3, 6]",[ 4  7 11 10  9  2  6  8  5  1  3  6]
855,12-855,"[0, 4, 1, 2, 5, 10, 8, 7, 9, 3, 11, 6]",[ 4  9  1  3  5 10 11  2  6  8  7  6]
856,12-856,"[0, 4, 1, 2, 7, 9, 5, 11, 10, 8, 3, 6]",[ 4  9  1  5  2  8  6 11 10  7  3  6]
857,12-857,"[0, 4, 1, 2, 7, 5, 8, 10, 9, 3, 11, 6]",[ 4  9  1  5 10  3  2 11  6  8  7  6]
858,12-858,"[0, 4, 1, 2, 9, 11, 5, 10, 8, 7, 3, 6]",[ 4  9  1  7  2  6  5 10 11  8  3  6]
859,12-859S,"[0, 4, 1, 2, 9, 11, 5, 3, 8, 7, 10, 6]",[ 4  9  1  7  2  6 10  5 11  3  8  6]
860,12-860,"[0, 4, 1, 3, 8, 7, 2, 5, 11, 9, 10, 6]",[ 4  9  2  5 11  7  3  6 10  1  8  6]
861,12-861L,"[0, 4, 1, 3, 11, 9, 2, 8, 7, 10, 5, 6]",[ 4  9  2  8 10  5  6 11  3  7  1  6]
862,12-862L,"[0, 4, 1, 3, 11, 9, 8, 2, 7, 10, 5, 6]",[ 4  9  2  8 10 11  6  5  3  7  1  6]
863,12-863,"[0, 4, 1, 3, 2, 7, 10, 8, 9, 5, 11, 6]",[ 4  9  2 11  5  3 10  1  8  6  7  6]
864,12-864,"[0, 4, 1, 7, 3, 2, 5, 10, 8, 9, 11, 6]",[ 4  9  6  8 11  3  5 10  1  2  7  6]
865,12-865,"[0, 4, 1, 7, 5, 8, 10, 9, 2, 3, 11, 6]",[ 4  9  6 10  3  2 11  5  1  8  7  6]
866,12-866S,"[0, 4, 1, 8, 9, 11, 5, 3, 2, 7, 10, 6]",[ 4  9  7  1  2  6 10 11  5  3  8  6]
867,12-867P,"[0, 4, 1, 8, 10, 9, 3, 11, 2, 7, 5, 6]",[ 4  9  7  2 11  6  8  3  5 10  1  6]
868,12-868,"[0, 4, 1, 8, 11, 5, 3, 2, 7, 9, 10, 6]",[ 4  9  7  3  6 10 11  5  2  1  8  6]
869,12-869,"[0, 4, 1, 8, 7, 9, 2, 10, 11, 5, 3, 6]",[ 4  9  7 11  2  5  8  1  6 10  3  6]
870,12-870L,"[0, 4, 1, 9, 11, 5, 10, 8, 7, 2, 3, 6]",[ 4  9  8  2  6  5 10 11  7  1  3  6]
871,12-871,"[0, 4, 1, 9, 3, 2, 7, 5, 8, 10, 11, 6]",[ 4  9  8  6 11  5 10  3  2  1  7  6]
872,12-872,"[0, 4, 1, 9, 7, 8, 10, 3, 2, 5, 11, 6]",[ 4  9  8 10  1  2  5 11  3  6  7  6]
873,12-873L,"[0, 4, 1, 11, 2, 7, 3, 9, 8, 10, 5, 6]",[ 4  9 10  3  5  8  6 11  2  7  1  6]
874,12-874,"[0, 4, 1, 11, 7, 10, 9, 2, 8, 3, 5, 6]",[ 4  9 10  8  3 11  5  6  7  2  1  6]
875,12-875,"[0, 4, 2, 3, 5, 10, 7, 1, 9, 8, 11, 6]",[ 4 10  1  2  5  9  6  8 11  3  7  6]
876,12-876,"[0, 4, 2, 3, 10, 7, 9, 8, 11, 5, 1, 6]",[ 4 10  1  7  9  2 11  3  6  8  5  6]
877,12-877,"[0, 4, 2, 5, 7, 8, 1, 10, 9, 3, 11, 6]",[ 4 10  3  2  1  5  9 11  6  8  7  6]
878,12-878,"[0, 4, 2, 5, 7, 3, 9, 8, 1, 10, 11, 6]",[ 4 10  3  2  8  6 11  5  9  1  7  6]
879,12-879,"[0, 4, 2, 7, 9, 3, 11, 10, 1, 8, 5, 6]",[ 4 10  5  2  6  8 11  3  7  9  1  6]
880,12-880P,"[0, 4, 2, 7, 10, 9, 3, 11, 1, 8, 5, 6]",[ 4 10  5  3 11  6  8  2  7  9  1  6]
881,12-881L,"[0, 4, 2, 7, 3, 9, 8, 11, 1, 10, 5, 6]",[ 4 10  5  8  6 11  3  2  9  7  1  6]
882,12-882,"[0, 4, 2, 9, 11, 10, 1, 7, 3, 8, 5, 6]",[ 4 10  7  2 11  3  6  8  5  9  1  6]
883,12-883,"[0, 4, 2, 9, 5, 11, 10, 7, 8, 1, 3, 6]",[ 4 10  7  8  6 11  9  1  5  2  3  6]
884,12-884,"[0, 4, 2, 9, 8, 11, 7, 1, 10, 3, 5, 6]",[ 4 10  7 11  3  8  6  9  5  2  1  6]
885,12-885,"[0, 4, 2, 9, 8, 5, 10, 11, 1, 7, 3, 6]",[ 4 10  7 11  9  5  1  2  6  8  3  6]
886,12-886,"[0, 4, 2, 11, 1, 8, 7, 10, 3, 9, 5, 6]",[ 4 10  9  2  7 11  3  5  6  8  1  6]
887,12-887,"[0, 4, 2, 11, 1, 9, 3, 8, 7, 10, 5, 6]",[ 4 10  9  2  8  6  5 11  3  7  1  6]
888,12-888,"[0, 4, 2, 11, 5, 1, 8, 7, 9, 10, 3, 6]",[ 4 10  9  6  8  7 11  2  1  5  3  6]
889,12-889,"[0, 4, 2, 1, 3, 9, 5, 10, 7, 8, 11, 6]",[ 4 10 11  2  6  8  5  9  1  3  7  6]
890,12-890,"[0, 4, 2, 1, 8, 9, 11, 5, 10, 7, 3, 6]",[ 4 10 11  7  1  2  6  5  9  8  3  6]
891,12-891P,"[0, 4, 2, 1, 8, 5, 11, 7, 9, 10, 3, 6]",[ 4 10 11  7  9  6  8  2  1  5  3  6]
892,12-892,"[0, 4, 2, 1, 9, 11, 5, 10, 7, 8, 3, 6]",[ 4 10 11  8  2  6  5  9  1  7  3  6]
893,12-893L,"[0, 4, 2, 1, 9, 3, 8, 5, 7, 10, 11, 6]",[ 4 10 11  8  6  5  9  2  3  1  7  6]
894,12-894P,"[0, 4, 2, 1, 10, 3, 9, 5, 7, 8, 11, 6]",[ 4 10 11  9  5  6  8  2  1  3  7  6]
895,12-895,"[0, 4, 3, 5, 8, 9, 2, 10, 7, 1, 11, 6]",[ 4 11  2  3  1  5  8  9  6 10  7  6]
896,12-896S,"[0, 4, 3, 5, 8, 1, 7, 2, 11, 9, 10, 6]",[ 4 11  2  3  5  6  7  9 10  1  8  6]
897,12-897,"[0, 4, 3, 5, 10, 1, 9, 7, 8, 2, 11, 6]",[ 4 11  2  5  3  8 10  1  6  9  7  6]
898,12-898,"[0, 4, 3, 5, 11, 8, 9, 7, 2, 10, 1, 6]",[ 4 11  2  6  9  1 10  7  8  3  5  6]
899,12-899S,"[0, 4, 3, 5, 2, 7, 1, 8, 11, 9, 10, 6]",[ 4 11  2  9  5  6  7  3 10  1  8  6]
900,12-900P,"[0, 4, 3, 5, 2, 7, 1, 9, 10, 8, 11, 6]",[ 4 11  2  9  5  6  8  1 10  3  7  6]
901,12-901L,"[0, 4, 3, 5, 2, 8, 1, 9, 7, 10, 11, 6]",[ 4 11  2  9  6  5  8 10  3  1  7  6]
902,12-902,"[0, 4, 3, 5, 2, 9, 10, 8, 11, 7, 1, 6]",[ 4 11  2  9  7  1 10  3  8  6  5  6]
903,12-903,"[0, 4, 3, 8, 10, 1, 7, 2, 11, 9, 5, 6]",[ 4 11  5  2  3  6  7  9 10  8  1  6]
904,12-904,"[0, 4, 3, 8, 10, 7, 1, 11, 2, 9, 5, 6]",[ 4 11  5  2  9  6 10  3  7  8  1  6]
905,12-905S,"[0, 4, 3, 8, 11, 1, 7, 5, 2, 9, 10, 6]",[ 4 11  5  3  2  6 10  9  7  1  8  6]
906,12-906,"[0, 4, 3, 8, 2, 11, 1, 9, 7, 10, 5, 6]",[ 4 11  5  6  9  2  8 10  3  7  1  6]
907,12-907S,"[0, 4, 3, 8, 5, 7, 1, 11, 2, 9, 10, 6]",[ 4 11  5  9  2  6 10  3  7  1  8  6]
908,12-908,"[0, 4, 3, 9, 5, 7, 10, 8, 1, 2, 11, 6]",[ 4 11  6  8  2  3 10  5  1  9  7  6]
909,12-909,"[0, 4, 3, 9, 5, 2, 7, 8, 10, 1, 11, 6]",[ 4 11  6  8  9  5  1  2  3 10  7  6]
910,12-910,"[0, 4, 3, 10, 1, 9, 11, 8, 2, 7, 5, 6]",[ 4 11  7  3  8  2  9  6  5 10  1  6]
911,12-911,"[0, 4, 3, 10, 1, 11, 7, 9, 2, 8, 5, 6]",[ 4 11  7  3 10  8  2  5  6  9  1  6]
912,12-912,"[0, 4, 3, 10, 1, 11, 8, 2, 7, 9, 5, 6]",[ 4 11  7  3 10  9  6  5  2  8  1  6]
913,12-913,"[0, 4, 3, 11, 2, 9, 10, 8, 5, 7, 1, 6]",[ 4 11  8  3  7  1 10  9  2  6  5  6]
914,12-914,"[0, 4, 3, 11, 5, 2, 9, 7, 8, 10, 1, 6]",[ 4 11  8  6  9  7 10  1  2  3  5  6]
915,12-915S,"[0, 4, 3, 1, 8, 11, 5, 2, 7, 9, 10, 6]",[ 4 11 10  7  3  6  9  5  2  1  8  6]
916,12-916,"[0, 4, 3, 1, 9, 11, 8, 2, 7, 10, 5, 6]",[ 4 11 10  8  2  9  6  5  3  7  1  6]
917,12-917L,"[0, 4, 3, 1, 9, 2, 8, 5, 7, 10, 11, 6]",[ 4 11 10  8  5  6  9  2  3  1  7  6]
